section,model,model_key,dataset,dataset_key,quantity,estimate,ci_low,ci_high,n_items,bootstrap_samples,seed,source_artifacts
main_pressure_ramp,Qwen2.5-1.5B,qwen25_15b,TruthfulQA-MC,truthfulqa_mc,mean_hysteresis_gap,0.49949352756211274,0.45611041998083796,0.5435714138930668,500,10000,42,runs/hysteresis_model_suite_v1/pressure_ramp/qwen25_15b/truthfulqa_mc/per_item_results.jsonl
main_pressure_ramp,Qwen2.5-1.5B,qwen25_15b,MMLU-Pro,mmlu_pro,mean_hysteresis_gap,0.6343029031006014,0.5951268266870586,0.6711620770094936,500,10000,42,runs/hysteresis_model_suite_v1/pressure_ramp/qwen25_15b/mmlu_pro/per_item_results.jsonl
main_pressure_ramp,Qwen2.5-7B,qwen25_7b,TruthfulQA-MC,truthfulqa_mc,mean_hysteresis_gap,0.01096237901913981,-0.015896759523511463,0.038041107934733774,500,10000,42,runs/hysteresis_model_suite_v1/pressure_ramp/qwen25_7b/truthfulqa_mc/per_item_results.jsonl
main_pressure_ramp,Qwen2.5-7B,qwen25_7b,MMLU-Pro,mmlu_pro,mean_hysteresis_gap,0.26194310911520957,0.2222345211590324,0.30266134905525405,500,10000,42,runs/hysteresis_model_suite_v1/pressure_ramp/qwen25_7b/mmlu_pro/per_item_results.jsonl
main_pressure_ramp,Qwen2.5-14B,qwen25_14b,TruthfulQA-MC,truthfulqa_mc,mean_hysteresis_gap,0.036697673019392966,0.009105583561265418,0.06455848547153951,500,10000,42,runs/hysteresis_model_suite_v1/pressure_ramp/qwen25_14b/truthfulqa_mc/per_item_results.jsonl
main_pressure_ramp,Qwen2.5-14B,qwen25_14b,MMLU-Pro,mmlu_pro,mean_hysteresis_gap,0.272105977506551,0.23266900784143577,0.31172981552098195,500,10000,42,runs/hysteresis_model_suite_v1/pressure_ramp/qwen25_14b/mmlu_pro/per_item_results.jsonl
main_pressure_ramp,Mistral-7B,mistral7b_v03,TruthfulQA-MC,truthfulqa_mc,mean_hysteresis_gap,0.2470265087505791,0.2051766625532739,0.2898994875986082,500,10000,42,runs/hysteresis_model_suite_v1/pressure_ramp/mistral7b_v03/truthfulqa_mc/per_item_results.jsonl
main_pressure_ramp,Mistral-7B,mistral7b_v03,MMLU-Pro,mmlu_pro,mean_hysteresis_gap,0.6592114301852703,0.6187865102753425,0.6981217251974208,500,10000,42,runs/hysteresis_model_suite_v1/pressure_ramp/mistral7b_v03/mmlu_pro/per_item_results.jsonl
behavioral_controls,Qwen2.5-1.5B,qwen25_15b,TruthfulQA-MC,truthfulqa_mc,wrong_pressure_reset_gap,0.49949352756211274,0.45611041998083796,0.5435714138930668,500,10000,42,runs/hysteresis_model_suite_v1/pressure_ramp/qwen25_15b/truthfulqa_mc/per_item_results.jsonl; runs/hysteresis_model_suite_v1/neutral_control/qwen25_15b/truthfulqa_mc/per_item_results.jsonl; runs/hysteresis_model_suite_v1/correct_pressure_control/qwen25_15b/truthfulqa_mc/per_item_results.jsonl
behavioral_controls,Qwen2.5-1.5B,qwen25_15b,TruthfulQA-MC,truthfulqa_mc,neutral_history_reset_gap,0.016199116504146033,-0.008906372921880892,0.041734364936840886,500,10000,42,runs/hysteresis_model_suite_v1/pressure_ramp/qwen25_15b/truthfulqa_mc/per_item_results.jsonl; runs/hysteresis_model_suite_v1/neutral_control/qwen25_15b/truthfulqa_mc/per_item_results.jsonl; runs/hysteresis_model_suite_v1/correct_pressure_control/qwen25_15b/truthfulqa_mc/per_item_results.jsonl
behavioral_controls,Qwen2.5-1.5B,qwen25_15b,TruthfulQA-MC,truthfulqa_mc,correct_pressure_final_p_wrong,0.11856935080252731,0.09227903811864946,0.14582466820836398,500,10000,42,runs/hysteresis_model_suite_v1/pressure_ramp/qwen25_15b/truthfulqa_mc/per_item_results.jsonl; runs/hysteresis_model_suite_v1/neutral_control/qwen25_15b/truthfulqa_mc/per_item_results.jsonl; runs/hysteresis_model_suite_v1/correct_pressure_control/qwen25_15b/truthfulqa_mc/per_item_results.jsonl
behavioral_controls,Qwen2.5-1.5B,qwen25_15b,TruthfulQA-MC,truthfulqa_mc,correct_pressure_final_p_correct,0.630195014300592,0.5883825408967538,0.6699250762806931,500,10000,42,runs/hysteresis_model_suite_v1/pressure_ramp/qwen25_15b/truthfulqa_mc/per_item_results.jsonl; runs/hysteresis_model_suite_v1/neutral_control/qwen25_15b/truthfulqa_mc/per_item_results.jsonl; runs/hysteresis_model_suite_v1/correct_pressure_control/qwen25_15b/truthfulqa_mc/per_item_results.jsonl
behavioral_controls,Qwen2.5-1.5B,qwen25_15b,MMLU-Pro,mmlu_pro,wrong_pressure_reset_gap,0.6343029031006014,0.5971305144872998,0.6717298142752304,500,10000,42,runs/hysteresis_model_suite_v1/pressure_ramp/qwen25_15b/mmlu_pro/per_item_results.jsonl; runs/hysteresis_model_suite_v1/neutral_control/qwen25_15b/mmlu_pro/per_item_results.jsonl; runs/hysteresis_model_suite_v1/correct_pressure_control/qwen25_15b/mmlu_pro/per_item_results.jsonl
behavioral_controls,Qwen2.5-1.5B,qwen25_15b,MMLU-Pro,mmlu_pro,neutral_history_reset_gap,-0.001352811456594215,-0.01781087229562776,0.015864562732556684,500,10000,42,runs/hysteresis_model_suite_v1/pressure_ramp/qwen25_15b/mmlu_pro/per_item_results.jsonl; runs/hysteresis_model_suite_v1/neutral_control/qwen25_15b/mmlu_pro/per_item_results.jsonl; runs/hysteresis_model_suite_v1/correct_pressure_control/qwen25_15b/mmlu_pro/per_item_results.jsonl
behavioral_controls,Qwen2.5-1.5B,qwen25_15b,MMLU-Pro,mmlu_pro,correct_pressure_final_p_wrong,0.019380769901431873,0.01027862354756478,0.0305297023155357,500,10000,42,runs/hysteresis_model_suite_v1/pressure_ramp/qwen25_15b/mmlu_pro/per_item_results.jsonl; runs/hysteresis_model_suite_v1/neutral_control/qwen25_15b/mmlu_pro/per_item_results.jsonl; runs/hysteresis_model_suite_v1/correct_pressure_control/qwen25_15b/mmlu_pro/per_item_results.jsonl
behavioral_controls,Qwen2.5-1.5B,qwen25_15b,MMLU-Pro,mmlu_pro,correct_pressure_final_p_correct,0.819925565550426,0.7892166195817584,0.8497524080637562,500,10000,42,runs/hysteresis_model_suite_v1/pressure_ramp/qwen25_15b/mmlu_pro/per_item_results.jsonl; runs/hysteresis_model_suite_v1/neutral_control/qwen25_15b/mmlu_pro/per_item_results.jsonl; runs/hysteresis_model_suite_v1/correct_pressure_control/qwen25_15b/mmlu_pro/per_item_results.jsonl
behavioral_controls,Qwen2.5-7B,qwen25_7b,TruthfulQA-MC,truthfulqa_mc,wrong_pressure_reset_gap,0.01096237901913981,-0.0159881269460599,0.037896933025025045,500,10000,42,runs/hysteresis_model_suite_v1/pressure_ramp/qwen25_7b/truthfulqa_mc/per_item_results.jsonl; runs/hysteresis_model_suite_v1/neutral_control/qwen25_7b/truthfulqa_mc/per_item_results.jsonl; runs/hysteresis_model_suite_v1/correct_pressure_control/qwen25_7b/truthfulqa_mc/per_item_results.jsonl
behavioral_controls,Qwen2.5-7B,qwen25_7b,TruthfulQA-MC,truthfulqa_mc,neutral_history_reset_gap,0.0011854420429078677,-0.02191944065883419,0.023858255811908285,500,10000,42,runs/hysteresis_model_suite_v1/pressure_ramp/qwen25_7b/truthfulqa_mc/per_item_results.jsonl; runs/hysteresis_model_suite_v1/neutral_control/qwen25_7b/truthfulqa_mc/per_item_results.jsonl; runs/hysteresis_model_suite_v1/correct_pressure_control/qwen25_7b/truthfulqa_mc/per_item_results.jsonl
behavioral_controls,Qwen2.5-7B,qwen25_7b,TruthfulQA-MC,truthfulqa_mc,correct_pressure_final_p_wrong,0.06270846367118925,0.04264487148957278,0.08445183572689027,500,10000,42,runs/hysteresis_model_suite_v1/pressure_ramp/qwen25_7b/truthfulqa_mc/per_item_results.jsonl; runs/hysteresis_model_suite_v1/neutral_control/qwen25_7b/truthfulqa_mc/per_item_results.jsonl; runs/hysteresis_model_suite_v1/correct_pressure_control/qwen25_7b/truthfulqa_mc/per_item_results.jsonl
behavioral_controls,Qwen2.5-7B,qwen25_7b,TruthfulQA-MC,truthfulqa_mc,correct_pressure_final_p_correct,0.7382549394043394,0.7006599244283157,0.7766111988921409,500,10000,42,runs/hysteresis_model_suite_v1/pressure_ramp/qwen25_7b/truthfulqa_mc/per_item_results.jsonl; runs/hysteresis_model_suite_v1/neutral_control/qwen25_7b/truthfulqa_mc/per_item_results.jsonl; runs/hysteresis_model_suite_v1/correct_pressure_control/qwen25_7b/truthfulqa_mc/per_item_results.jsonl
behavioral_controls,Qwen2.5-7B,qwen25_7b,MMLU-Pro,mmlu_pro,wrong_pressure_reset_gap,0.26194310911520957,0.22191678727234615,0.30298583117871397,500,10000,42,runs/hysteresis_model_suite_v1/pressure_ramp/qwen25_7b/mmlu_pro/per_item_results.jsonl; runs/hysteresis_model_suite_v1/neutral_control/qwen25_7b/mmlu_pro/per_item_results.jsonl; runs/hysteresis_model_suite_v1/correct_pressure_control/qwen25_7b/mmlu_pro/per_item_results.jsonl
behavioral_controls,Qwen2.5-7B,qwen25_7b,MMLU-Pro,mmlu_pro,neutral_history_reset_gap,-0.02291658939111529,-0.03834928540966459,-0.00851822140730324,500,10000,42,runs/hysteresis_model_suite_v1/pressure_ramp/qwen25_7b/mmlu_pro/per_item_results.jsonl; runs/hysteresis_model_suite_v1/neutral_control/qwen25_7b/mmlu_pro/per_item_results.jsonl; runs/hysteresis_model_suite_v1/correct_pressure_control/qwen25_7b/mmlu_pro/per_item_results.jsonl
behavioral_controls,Qwen2.5-7B,qwen25_7b,MMLU-Pro,mmlu_pro,correct_pressure_final_p_wrong,0.03442010496237903,0.018886980228505077,0.05046685901885947,500,10000,42,runs/hysteresis_model_suite_v1/pressure_ramp/qwen25_7b/mmlu_pro/per_item_results.jsonl; runs/hysteresis_model_suite_v1/neutral_control/qwen25_7b/mmlu_pro/per_item_results.jsonl; runs/hysteresis_model_suite_v1/correct_pressure_control/qwen25_7b/mmlu_pro/per_item_results.jsonl
behavioral_controls,Qwen2.5-7B,qwen25_7b,MMLU-Pro,mmlu_pro,correct_pressure_final_p_correct,0.7257536707285074,0.6865360015610344,0.7638757961369982,500,10000,42,runs/hysteresis_model_suite_v1/pressure_ramp/qwen25_7b/mmlu_pro/per_item_results.jsonl; runs/hysteresis_model_suite_v1/neutral_control/qwen25_7b/mmlu_pro/per_item_results.jsonl; runs/hysteresis_model_suite_v1/correct_pressure_control/qwen25_7b/mmlu_pro/per_item_results.jsonl
behavioral_controls,Qwen2.5-14B,qwen25_14b,TruthfulQA-MC,truthfulqa_mc,wrong_pressure_reset_gap,0.036697673019392966,0.009783011733640996,0.0639694936195648,500,10000,42,runs/hysteresis_model_suite_v1/pressure_ramp/qwen25_14b/truthfulqa_mc/per_item_results.jsonl; runs/hysteresis_model_suite_v1/neutral_control/qwen25_14b/truthfulqa_mc/per_item_results.jsonl; runs/hysteresis_model_suite_v1/correct_pressure_control/qwen25_14b/truthfulqa_mc/per_item_results.jsonl
behavioral_controls,Qwen2.5-14B,qwen25_14b,TruthfulQA-MC,truthfulqa_mc,neutral_history_reset_gap,-0.0014479604987489222,-0.020342074507860828,0.016950908475241413,500,10000,42,runs/hysteresis_model_suite_v1/pressure_ramp/qwen25_14b/truthfulqa_mc/per_item_results.jsonl; runs/hysteresis_model_suite_v1/neutral_control/qwen25_14b/truthfulqa_mc/per_item_results.jsonl; runs/hysteresis_model_suite_v1/correct_pressure_control/qwen25_14b/truthfulqa_mc/per_item_results.jsonl
behavioral_controls,Qwen2.5-14B,qwen25_14b,TruthfulQA-MC,truthfulqa_mc,correct_pressure_final_p_wrong,0.050259500991456874,0.032263488986093714,0.06982133316247376,500,10000,42,runs/hysteresis_model_suite_v1/pressure_ramp/qwen25_14b/truthfulqa_mc/per_item_results.jsonl; runs/hysteresis_model_suite_v1/neutral_control/qwen25_14b/truthfulqa_mc/per_item_results.jsonl; runs/hysteresis_model_suite_v1/correct_pressure_control/qwen25_14b/truthfulqa_mc/per_item_results.jsonl
behavioral_controls,Qwen2.5-14B,qwen25_14b,TruthfulQA-MC,truthfulqa_mc,correct_pressure_final_p_correct,0.8209907435470775,0.7878066938031567,0.8528765376187588,500,10000,42,runs/hysteresis_model_suite_v1/pressure_ramp/qwen25_14b/truthfulqa_mc/per_item_results.jsonl; runs/hysteresis_model_suite_v1/neutral_control/qwen25_14b/truthfulqa_mc/per_item_results.jsonl; runs/hysteresis_model_suite_v1/correct_pressure_control/qwen25_14b/truthfulqa_mc/per_item_results.jsonl
behavioral_controls,Qwen2.5-14B,qwen25_14b,MMLU-Pro,mmlu_pro,wrong_pressure_reset_gap,0.272105977506551,0.23219637626107012,0.3123714922570228,500,10000,42,runs/hysteresis_model_suite_v1/pressure_ramp/qwen25_14b/mmlu_pro/per_item_results.jsonl; runs/hysteresis_model_suite_v1/neutral_control/qwen25_14b/mmlu_pro/per_item_results.jsonl; runs/hysteresis_model_suite_v1/correct_pressure_control/qwen25_14b/mmlu_pro/per_item_results.jsonl
behavioral_controls,Qwen2.5-14B,qwen25_14b,MMLU-Pro,mmlu_pro,neutral_history_reset_gap,-0.008528485440493078,-0.024684802751740717,0.007447044180311537,500,10000,42,runs/hysteresis_model_suite_v1/pressure_ramp/qwen25_14b/mmlu_pro/per_item_results.jsonl; runs/hysteresis_model_suite_v1/neutral_control/qwen25_14b/mmlu_pro/per_item_results.jsonl; runs/hysteresis_model_suite_v1/correct_pressure_control/qwen25_14b/mmlu_pro/per_item_results.jsonl
behavioral_controls,Qwen2.5-14B,qwen25_14b,MMLU-Pro,mmlu_pro,correct_pressure_final_p_wrong,0.028857610641311194,0.01538739894618696,0.044416090393815846,500,10000,42,runs/hysteresis_model_suite_v1/pressure_ramp/qwen25_14b/mmlu_pro/per_item_results.jsonl; runs/hysteresis_model_suite_v1/neutral_control/qwen25_14b/mmlu_pro/per_item_results.jsonl; runs/hysteresis_model_suite_v1/correct_pressure_control/qwen25_14b/mmlu_pro/per_item_results.jsonl
behavioral_controls,Qwen2.5-14B,qwen25_14b,MMLU-Pro,mmlu_pro,correct_pressure_final_p_correct,0.8005800891873932,0.7659965136204432,0.8335088620628767,500,10000,42,runs/hysteresis_model_suite_v1/pressure_ramp/qwen25_14b/mmlu_pro/per_item_results.jsonl; runs/hysteresis_model_suite_v1/neutral_control/qwen25_14b/mmlu_pro/per_item_results.jsonl; runs/hysteresis_model_suite_v1/correct_pressure_control/qwen25_14b/mmlu_pro/per_item_results.jsonl
behavioral_controls,Mistral-7B,mistral7b_v03,TruthfulQA-MC,truthfulqa_mc,wrong_pressure_reset_gap,0.2470265087505791,0.20431463252260482,0.2890696216753835,500,10000,42,runs/hysteresis_model_suite_v1/pressure_ramp/mistral7b_v03/truthfulqa_mc/per_item_results.jsonl; runs/hysteresis_model_suite_v1/neutral_control/mistral7b_v03/truthfulqa_mc/per_item_results.jsonl; runs/hysteresis_model_suite_v1/correct_pressure_control/mistral7b_v03/truthfulqa_mc/per_item_results.jsonl
behavioral_controls,Mistral-7B,mistral7b_v03,TruthfulQA-MC,truthfulqa_mc,neutral_history_reset_gap,-0.011256091104265962,-0.030318378338977513,0.007711079128662781,500,10000,42,runs/hysteresis_model_suite_v1/pressure_ramp/mistral7b_v03/truthfulqa_mc/per_item_results.jsonl; runs/hysteresis_model_suite_v1/neutral_control/mistral7b_v03/truthfulqa_mc/per_item_results.jsonl; runs/hysteresis_model_suite_v1/correct_pressure_control/mistral7b_v03/truthfulqa_mc/per_item_results.jsonl
behavioral_controls,Mistral-7B,mistral7b_v03,TruthfulQA-MC,truthfulqa_mc,correct_pressure_final_p_wrong,0.041675476099902305,0.02645270332316648,0.058490624208544936,500,10000,42,runs/hysteresis_model_suite_v1/pressure_ramp/mistral7b_v03/truthfulqa_mc/per_item_results.jsonl; runs/hysteresis_model_suite_v1/neutral_control/mistral7b_v03/truthfulqa_mc/per_item_results.jsonl; runs/hysteresis_model_suite_v1/correct_pressure_control/mistral7b_v03/truthfulqa_mc/per_item_results.jsonl
behavioral_controls,Mistral-7B,mistral7b_v03,TruthfulQA-MC,truthfulqa_mc,correct_pressure_final_p_correct,0.8396447631149977,0.8087494736700922,0.8687617224097257,500,10000,42,runs/hysteresis_model_suite_v1/pressure_ramp/mistral7b_v03/truthfulqa_mc/per_item_results.jsonl; runs/hysteresis_model_suite_v1/neutral_control/mistral7b_v03/truthfulqa_mc/per_item_results.jsonl; runs/hysteresis_model_suite_v1/correct_pressure_control/mistral7b_v03/truthfulqa_mc/per_item_results.jsonl
behavioral_controls,Mistral-7B,mistral7b_v03,MMLU-Pro,mmlu_pro,wrong_pressure_reset_gap,0.6592114301852703,0.6184311913790318,0.6991800460147998,500,10000,42,runs/hysteresis_model_suite_v1/pressure_ramp/mistral7b_v03/mmlu_pro/per_item_results.jsonl; runs/hysteresis_model_suite_v1/neutral_control/mistral7b_v03/mmlu_pro/per_item_results.jsonl; runs/hysteresis_model_suite_v1/correct_pressure_control/mistral7b_v03/mmlu_pro/per_item_results.jsonl
behavioral_controls,Mistral-7B,mistral7b_v03,MMLU-Pro,mmlu_pro,neutral_history_reset_gap,-0.01613956193135985,-0.033080670578551234,0.0007354207883766044,500,10000,42,runs/hysteresis_model_suite_v1/pressure_ramp/mistral7b_v03/mmlu_pro/per_item_results.jsonl; runs/hysteresis_model_suite_v1/neutral_control/mistral7b_v03/mmlu_pro/per_item_results.jsonl; runs/hysteresis_model_suite_v1/correct_pressure_control/mistral7b_v03/mmlu_pro/per_item_results.jsonl
behavioral_controls,Mistral-7B,mistral7b_v03,MMLU-Pro,mmlu_pro,correct_pressure_final_p_wrong,0.009874439083084148,0.0030875854951008656,0.01847222298678939,500,10000,42,runs/hysteresis_model_suite_v1/pressure_ramp/mistral7b_v03/mmlu_pro/per_item_results.jsonl; runs/hysteresis_model_suite_v1/neutral_control/mistral7b_v03/mmlu_pro/per_item_results.jsonl; runs/hysteresis_model_suite_v1/correct_pressure_control/mistral7b_v03/mmlu_pro/per_item_results.jsonl
behavioral_controls,Mistral-7B,mistral7b_v03,MMLU-Pro,mmlu_pro,correct_pressure_final_p_correct,0.891977545043678,0.8653422439417628,0.9162742524009542,500,10000,42,runs/hysteresis_model_suite_v1/pressure_ramp/mistral7b_v03/mmlu_pro/per_item_results.jsonl; runs/hysteresis_model_suite_v1/neutral_control/mistral7b_v03/mmlu_pro/per_item_results.jsonl; runs/hysteresis_model_suite_v1/correct_pressure_control/mistral7b_v03/mmlu_pro/per_item_results.jsonl
