model_key,model,dataset,condition,condition_label,mean_p_clean_wrong,mean_p_reset_wrong,mean_hysteresis_gap,hysteresis_gap_ci_low,hysteresis_gap_ci_high,positive_hysteresis_rate,wrong_following_rate,conditional_lock_in_rate,conditional_lock_in_n,n_items
gemma2_2b,Gemma2-2B,mmlu_pro,clean_no_mention,Clean reset,0.09895453084327782,0.08920759910615612,-0.00974693173712173,-0.01918428151358759,-0.0008542171275843878,0.578,0.092,,0,500
gemma2_2b,Gemma2-2B,mmlu_pro,explicit_false_wrong_mention,Explicit false mention,0.09895453084327782,0.19005832094732245,0.09110379010404461,0.0613627080445836,0.12220137713019545,0.592,0.194,,0,500
gemma2_2b,Gemma2-2B,mmlu_pro,neutral_wrong_mention,Neutral mention,0.09895453084327782,0.49965545378457543,0.4007009229412973,0.3624503492785244,0.4366753410456774,0.884,0.524,,0,500
gemma2_2b,Gemma2-2B,mmlu_pro,quoted_false_claim,Quoted false claim,0.09895453084327782,0.23719643519655087,0.13824190435327297,0.1085456864251735,0.1706135660589938,0.686,0.244,,0,500
gemma2_2b,Gemma2-2B,mmlu_pro,user_pressure,User pressure,0.09895453084327782,0.8328493207984367,0.7338947899551586,0.7007569636298004,0.7695432936312095,0.888,0.836,0.9300225733634312,443,500
gemma2_2b,Gemma2-2B,truthfulqa_mc,clean_no_mention,Clean reset,0.14640597431756708,0.13636265487575008,-0.010043319441816983,-0.022163778807445814,0.001402535835215189,0.562,0.136,,0,500
gemma2_2b,Gemma2-2B,truthfulqa_mc,explicit_false_wrong_mention,Explicit false mention,0.14640597431756708,0.3762181025479399,0.2298121282303726,0.19112966922045352,0.2692212538012076,0.846,0.386,,0,500
gemma2_2b,Gemma2-2B,truthfulqa_mc,neutral_wrong_mention,Neutral mention,0.14640597431756708,0.38008063412740967,0.2336746598098424,0.19600530582983872,0.27299130106895475,0.846,0.38,,0,500
gemma2_2b,Gemma2-2B,truthfulqa_mc,quoted_false_claim,Quoted false claim,0.14640597431756708,0.22057156026749178,0.07416558594992466,0.04146911666438735,0.1053964791956044,0.702,0.224,,0,500
gemma2_2b,Gemma2-2B,truthfulqa_mc,user_pressure,User pressure,0.14640597431756708,0.6275728132483259,0.4811668389307587,0.4378064176667023,0.5264159209135476,0.784,0.632,0.7258064516129032,434,500
gemma2_9b,Gemma2-9B,mmlu_pro,clean_no_mention,Clean reset,0.07789688478881794,0.07237204422512955,-0.005524840563688467,-0.012988902268732243,0.00169155271710542,0.718,0.07,,0,500
gemma2_9b,Gemma2-9B,mmlu_pro,explicit_false_wrong_mention,Explicit false mention,0.07789688478881794,0.05935902179041123,-0.018537862998406623,-0.039487672342729215,0.0031639114158230433,0.516,0.056,,0,500
gemma2_9b,Gemma2-9B,mmlu_pro,neutral_wrong_mention,Neutral mention,0.07789688478881794,0.17201611570226316,0.09411923091344508,0.0682518178842326,0.12019522783350674,0.772,0.18,,0,500
gemma2_9b,Gemma2-9B,mmlu_pro,quoted_false_claim,Quoted false claim,0.07789688478881794,0.07131018197734526,-0.006586702811472651,-0.026287075673126607,0.015118056350785725,0.558,0.068,,0,500
gemma2_9b,Gemma2-9B,mmlu_pro,user_pressure,User pressure,0.07789688478881794,0.351860825867098,0.27396394107828,0.2338362063597436,0.31274965310033287,0.596,0.354,0.5147058823529411,340,500
gemma2_9b,Gemma2-9B,truthfulqa_mc,clean_no_mention,Clean reset,0.08682746428422623,0.08268102989439034,-0.004146434389835888,-0.010494077674096219,0.001576463286966636,0.772,0.084,,0,500
gemma2_9b,Gemma2-9B,truthfulqa_mc,explicit_false_wrong_mention,Explicit false mention,0.08682746428422623,0.05719130647379439,-0.02963615781043181,-0.051557029134228244,-0.009132686798470707,0.574,0.056,,0,500
gemma2_9b,Gemma2-9B,truthfulqa_mc,neutral_wrong_mention,Neutral mention,0.08682746428422623,0.08989597513050553,0.0030685108462793318,-0.017209859122106888,0.02324594589649353,0.65,0.092,,0,500
gemma2_9b,Gemma2-9B,truthfulqa_mc,quoted_false_claim,Quoted false claim,0.08682746428422623,0.04912689434225918,-0.03770056994196695,-0.058415239014887196,-0.017711031551491067,0.484,0.048,,0,500
gemma2_9b,Gemma2-9B,truthfulqa_mc,user_pressure,User pressure,0.08682746428422623,0.09606377593085963,0.009236311646633378,-0.014215203593520964,0.03415292481157774,0.178,0.096,0.4017094017094017,117,500
llama31_8b,Llama3.1-8B,mmlu_pro,clean_no_mention,Clean reset,0.08512578929966064,0.08298901869948833,-0.00213677060017236,-0.004564547314331796,0.0002029196631940006,0.558,0.08,,0,500
llama31_8b,Llama3.1-8B,mmlu_pro,explicit_false_wrong_mention,Explicit false mention,0.08512578929966064,0.11716595270710081,0.03204016340744008,0.01801093452547076,0.047079131699158734,0.636,0.14,,0,500
llama31_8b,Llama3.1-8B,mmlu_pro,neutral_wrong_mention,Neutral mention,0.08512578929966064,0.1775170697921642,0.09239128049250334,0.07445800883135223,0.11032759823983715,0.768,0.228,,0,500
llama31_8b,Llama3.1-8B,mmlu_pro,quoted_false_claim,Quoted false claim,0.08512578929966064,0.11156800998475272,0.02644222068509194,0.014328141635272813,0.03889902793068352,0.678,0.124,,0,500
llama31_8b,Llama3.1-8B,mmlu_pro,user_pressure,User pressure,0.08512578929966064,0.266967527509083,0.1818417382094221,0.15724700128687977,0.20605780646534205,0.784,0.326,0.3292929292929293,495,500
llama31_8b,Llama3.1-8B,truthfulqa_mc,clean_no_mention,Clean reset,0.1259408007791888,0.13945591217660125,0.013515111397412294,0.00670630047735233,0.019812812032178672,0.776,0.142,,0,500
llama31_8b,Llama3.1-8B,truthfulqa_mc,explicit_false_wrong_mention,Explicit false mention,0.1259408007791888,0.2083185237297327,0.08237772295054367,0.058665101302161765,0.10670164286102966,0.812,0.234,,0,500
llama31_8b,Llama3.1-8B,truthfulqa_mc,neutral_wrong_mention,Neutral mention,0.1259408007791888,0.1757219920465938,0.04978119126740489,0.026961070579344045,0.07467323554390838,0.748,0.182,,0,500
llama31_8b,Llama3.1-8B,truthfulqa_mc,quoted_false_claim,Quoted false claim,0.1259408007791888,0.1418378612274622,0.01589706044827323,-0.0071942116763106904,0.03931727617163574,0.748,0.14,,0,500
llama31_8b,Llama3.1-8B,truthfulqa_mc,user_pressure,User pressure,0.1259408007791888,0.06833180806893964,-0.05760899271024917,-0.07893017299917801,-0.03580945710408819,0.556,0.05,0.05145413870246085,447,500
mistral7b_v03,Mistral-7B-v0.3,mmlu_pro,clean_no_mention,Clean reset,0.09074530212072861,0.0873466655616119,-0.0033986365591167143,-0.009185204887231908,0.001617312628300854,0.434,0.084,,0,500
mistral7b_v03,Mistral-7B-v0.3,mmlu_pro,explicit_false_wrong_mention,Explicit false mention,0.09074530212072861,0.14582464296850906,0.055079340847780475,0.029649304377913004,0.08327758639198195,0.736,0.146,,0,500
mistral7b_v03,Mistral-7B-v0.3,mmlu_pro,neutral_wrong_mention,Neutral mention,0.09074530212072861,0.4146083790581616,0.3238630769374328,0.2869650694022417,0.3599956019436373,0.94,0.438,,0,500
mistral7b_v03,Mistral-7B-v0.3,mmlu_pro,quoted_false_claim,Quoted false claim,0.09074530212072861,0.19179932376152142,0.1010540216407928,0.07198312634615135,0.13092409766266136,0.828,0.192,,0,500
mistral7b_v03,Mistral-7B-v0.3,mmlu_pro,user_pressure,User pressure,0.09074530212072861,0.7499567323059987,0.6592114301852698,0.6195712735166387,0.7005062439179659,0.936,0.756,0.8199566160520607,461,500
mistral7b_v03,Mistral-7B-v0.3,truthfulqa_mc,clean_no_mention,Clean reset,0.10493169119788988,0.1067407308498182,0.001809039651928323,-0.0063311178740358244,0.010120811215052178,0.356,0.104,,0,500
mistral7b_v03,Mistral-7B-v0.3,truthfulqa_mc,explicit_false_wrong_mention,Explicit false mention,0.10493169119788988,0.19643590620342738,0.09150421500553753,0.06247565253460008,0.12015173059593973,0.856,0.196,,0,500
mistral7b_v03,Mistral-7B-v0.3,truthfulqa_mc,neutral_wrong_mention,Neutral mention,0.10493169119788988,0.26824192840950645,0.16331023721161653,0.12943135668440958,0.19678322401413986,0.892,0.266,,0,500
mistral7b_v03,Mistral-7B-v0.3,truthfulqa_mc,quoted_false_claim,Quoted false claim,0.10493169119788988,0.09725379206986463,-0.007677899128025199,-0.03297523353653876,0.016209560546293356,0.814,0.09,,0,500
mistral7b_v03,Mistral-7B-v0.3,truthfulqa_mc,user_pressure,User pressure,0.10493169119788988,0.3519581999484689,0.247026508750579,0.2042771702924258,0.28927193677676727,0.886,0.368,0.4430992736077482,413,500
qwen25_14b,Qwen2.5-14B,mmlu_pro,clean_no_mention,Clean reset,0.08411410963399399,0.08296323907973648,-0.0011508705542574958,-0.007184751624498056,0.0051958088319884145,0.506,0.084,,0,500
qwen25_14b,Qwen2.5-14B,mmlu_pro,explicit_false_wrong_mention,Explicit false mention,0.08411410963399399,0.04316178131379641,-0.04095232832019755,-0.06376047744283944,-0.02001283725233807,0.532,0.044,,0,500
qwen25_14b,Qwen2.5-14B,mmlu_pro,neutral_wrong_mention,Neutral mention,0.08411410963399399,0.22095161828907436,0.13683750865508032,0.10890846081576956,0.1649226578952158,0.844,0.222,,0,500
qwen25_14b,Qwen2.5-14B,mmlu_pro,quoted_false_claim,Quoted false claim,0.08411410963399399,0.08129948740230207,-0.002814622231691901,-0.02427024340350072,0.018096461938531847,0.69,0.082,,0,500
qwen25_14b,Qwen2.5-14B,mmlu_pro,user_pressure,User pressure,0.08411410963399399,0.35622008714054487,0.27210597750655086,0.23085785370189707,0.3110030031647909,0.71,0.358,0.37214137214137216,481,500
qwen25_14b,Qwen2.5-14B,truthfulqa_mc,clean_no_mention,Clean reset,0.07600563166920174,0.07485677966449657,-0.0011488520047051737,-0.007674794038455287,0.005293898748971507,0.392,0.074,,0,500
qwen25_14b,Qwen2.5-14B,truthfulqa_mc,explicit_false_wrong_mention,Explicit false mention,0.07600563166920174,0.061153614472301686,-0.01485201719690005,-0.036661325330576804,0.006210491639602007,0.532,0.062,,0,500
qwen25_14b,Qwen2.5-14B,truthfulqa_mc,neutral_wrong_mention,Neutral mention,0.07600563166920174,0.09509938990075412,0.019093758231552373,-0.004739469127287903,0.04276054211804379,0.68,0.094,,0,500
qwen25_14b,Qwen2.5-14B,truthfulqa_mc,quoted_false_claim,Quoted false claim,0.07600563166920174,0.05130217546660036,-0.024703456202601372,-0.04346588001385126,-0.005999743786263106,0.494,0.056,,0,500
qwen25_14b,Qwen2.5-14B,truthfulqa_mc,user_pressure,User pressure,0.07600563166920174,0.1127033046885947,0.036697673019392946,0.010436416547421912,0.06471658791040304,0.344,0.114,0.11727078891257996,469,500
qwen25_15b,Qwen2.5-1.5B,mmlu_pro,clean_no_mention,Clean reset,0.09124088678329552,0.09154239271057095,0.0003015059272753966,-0.005524909764970246,0.006078017885143001,0.634,0.094,,0,500
qwen25_15b,Qwen2.5-1.5B,mmlu_pro,explicit_false_wrong_mention,Explicit false mention,0.09124088678329552,0.25174523248582187,0.16050434570252617,0.1300889870249746,0.18930181901563783,0.846,0.266,,0,500
qwen25_15b,Qwen2.5-1.5B,mmlu_pro,neutral_wrong_mention,Neutral mention,0.09124088678329552,0.3964200863542238,0.30517919957092804,0.27262808548954914,0.337144794575937,0.928,0.424,,0,500
qwen25_15b,Qwen2.5-1.5B,mmlu_pro,quoted_false_claim,Quoted false claim,0.09124088678329552,0.2792863110698432,0.18804542428654744,0.15937060167514186,0.21540680336736936,0.874,0.304,,0,500
qwen25_15b,Qwen2.5-1.5B,mmlu_pro,user_pressure,User pressure,0.09124088678329552,0.7255437898838969,0.634302903100601,0.5970233438381243,0.6687121996928868,0.924,0.752,0.8086021505376344,465,500
qwen25_15b,Qwen2.5-1.5B,truthfulqa_mc,clean_no_mention,Clean reset,0.16554468419833393,0.15389900964497838,-0.011645674553355594,-0.02283392579282992,-0.0002780562651088971,0.634,0.154,,0,500
qwen25_15b,Qwen2.5-1.5B,truthfulqa_mc,explicit_false_wrong_mention,Explicit false mention,0.16554468419833393,0.4882645895154783,0.3227199053171442,0.28413752998080527,0.35893031223270444,0.88,0.502,,0,500
qwen25_15b,Qwen2.5-1.5B,truthfulqa_mc,neutral_wrong_mention,Neutral mention,0.16554468419833393,0.5144267660079842,0.34888208180965014,0.3083192875916867,0.3870407149899439,0.888,0.534,,0,500
qwen25_15b,Qwen2.5-1.5B,truthfulqa_mc,quoted_false_claim,Quoted false claim,0.16554468419833393,0.3361175148126153,0.17057283061428125,0.13407621724406135,0.2088918558773099,0.754,0.344,,0,500
qwen25_15b,Qwen2.5-1.5B,truthfulqa_mc,user_pressure,User pressure,0.16554468419833393,0.6650382117604465,0.49949352756211235,0.45444442744442076,0.5399977885550301,0.91,0.672,0.7461024498886414,449,500
qwen25_7b,Qwen2.5-7B,mmlu_pro,clean_no_mention,Clean reset,0.08060551967009325,0.08523306892049626,0.004627549250403023,0.00023303629909906314,0.009685172089895932,0.524,0.092,,0,500
qwen25_7b,Qwen2.5-7B,mmlu_pro,explicit_false_wrong_mention,Explicit false mention,0.08060551967009325,0.0917656496730748,0.011160130002981508,-0.01052652548121177,0.033919381118819154,0.58,0.092,,0,500
qwen25_7b,Qwen2.5-7B,mmlu_pro,neutral_wrong_mention,Neutral mention,0.08060551967009325,0.17012954143093112,0.08952402176083779,0.06597064767067753,0.11416647056395852,0.772,0.174,,0,500
qwen25_7b,Qwen2.5-7B,mmlu_pro,quoted_false_claim,Quoted false claim,0.08060551967009325,0.10398477130814328,0.023379251638050002,0.004344585378004417,0.04297121455128663,0.666,0.104,,0,500
qwen25_7b,Qwen2.5-7B,mmlu_pro,user_pressure,User pressure,0.08060551967009325,0.34254862878530273,0.26194310911520946,0.22267990759062142,0.3015193139326678,0.518,0.344,0.35390946502057613,486,500
qwen25_7b,Qwen2.5-7B,truthfulqa_mc,clean_no_mention,Clean reset,0.09597502619342335,0.09376483124243173,-0.0022101949509915754,-0.009579399792913064,0.004646925332574145,0.39,0.094,,0,500
qwen25_7b,Qwen2.5-7B,truthfulqa_mc,explicit_false_wrong_mention,Explicit false mention,0.09597502619342335,0.13166962448299654,0.0356945982895732,0.013728665747000355,0.061387065229494,0.578,0.128,,0,500
qwen25_7b,Qwen2.5-7B,truthfulqa_mc,neutral_wrong_mention,Neutral mention,0.09597502619342335,0.13881011604787716,0.04283508985445383,0.019251044812550324,0.06990936731218844,0.584,0.138,,0,500
qwen25_7b,Qwen2.5-7B,truthfulqa_mc,quoted_false_claim,Quoted false claim,0.09597502619342335,0.08473912235738539,-0.011235903836037956,-0.030842014524688464,0.009669639393762993,0.44,0.088,,0,500
qwen25_7b,Qwen2.5-7B,truthfulqa_mc,user_pressure,User pressure,0.09597502619342335,0.10693740521256317,0.010962379019139818,-0.01551364655727573,0.037852225159602106,0.382,0.106,0.11373390557939914,466,500
