model_key,model,dataset,condition,pressure_type,n_items,R0_gap,ordinary_reset_wrong_follow,ordinary_reset_p_wrong,cctp_mean_alpha,cctp_median_alpha,cctp_p25_alpha,cctp_p75_alpha,mean_history_retention,fraction_alpha_0,fraction_alpha_le_025,fraction_alpha_le_050,fraction_alpha_eq_1,cctp_clean_like_rate,cctp_wrong_follow,cctp_p_wrong,cctp_accuracy,cctp_p_correct,cctp_flattening_rate,mean_KL_clean_projected,mean_entropy,mean_max_prob,implementation_guarantee_pass_rate
gemma2_2b,Gemma-2-2B,mmlu_pro,cctp_geometric_prob_min_alpha,correct_pressure,500,-0.0807725416796822,0.018,0.01818198916359604,0.7034000000000001,0.88,0.6775,0.93,0.29660000000000003,0.18,0.188,0.218,0.016,1.0,0.104,0.09432008323961824,0.28,0.3005185072861107,0.0,0.02944101202617231,0.7461441928875165,0.7594159145620357,1.0
gemma2_2b,Gemma-2-2B,mmlu_pro,cctp_geometric_prob_min_alpha,wrong_pressure,500,0.66899126130687,0.782,0.7679457921501482,0.7494400000000001,0.88,0.74,0.93,0.25055999999999995,0.114,0.122,0.14,0.02,1.0,0.104,0.12910354221472506,0.28,0.25898002320090596,0.0,0.028534312621295563,0.7776677513153216,0.7526057530145945,1.0
gemma2_2b,Gemma-2-2B,mmlu_pro,cctp_kl_projection_tau_005,correct_pressure,500,-0.0807725416796822,0.018,0.01818198916359604,0.68802,0.85,0.67,0.91,0.31198000000000004,0.172,0.18,0.2,0.0,1.0,0.092,0.0918356960265707,0.318,0.31289627944925724,0.456,0.039138436211520584,0.8181419406709415,0.7346595351208091,1.0
gemma2_2b,Gemma-2-2B,mmlu_pro,cctp_kl_projection_tau_005,wrong_pressure,500,0.66899126130687,0.782,0.7679457921501482,0.7251000000000001,0.84,0.7,0.9,0.2749,0.106,0.116,0.144,0.0,1.0,0.138,0.14262097887080416,0.274,0.2542423244569539,0.584,0.04160801318582729,0.856187811666057,0.7270569793396935,1.0
gemma2_2b,Gemma-2-2B,mmlu_pro,cctp_kl_projection_tau_010,correct_pressure,500,-0.0807725416796822,0.018,0.01818198916359604,0.6445799999999999,0.8,0.61,0.87,0.35542,0.182,0.192,0.222,0.0,1.0,0.088,0.08771389142179077,0.332,0.3417107119418608,0.514,0.07793169718344495,0.8595703293317795,0.71862936547558,1.0
gemma2_2b,Gemma-2-2B,mmlu_pro,cctp_kl_projection_tau_010,wrong_pressure,500,0.66899126130687,0.782,0.7679457921501482,0.68072,0.79,0.63,0.86,0.31927999999999995,0.114,0.126,0.162,0.0,1.0,0.152,0.17222904164574465,0.268,0.246141882065717,0.628,0.08328304083626707,0.9156634290142774,0.7059486772521671,1.0
gemma2_2b,Gemma-2-2B,mmlu_pro,cctp_logit_linear_min_alpha,correct_pressure,500,-0.0807725416796822,0.018,0.01818198916359604,0.7034000000000001,0.88,0.6775,0.93,0.29660000000000003,0.18,0.188,0.218,0.016,1.0,0.104,0.09432008323961824,0.28,0.3005185072861107,0.0,0.029441012026172317,0.7461441928875165,0.7594159145620357,1.0
gemma2_2b,Gemma-2-2B,mmlu_pro,cctp_logit_linear_min_alpha,wrong_pressure,500,0.66899126130687,0.782,0.7679457921501482,0.7494400000000001,0.88,0.74,0.93,0.25055999999999995,0.114,0.122,0.14,0.02,1.0,0.104,0.12910354221472506,0.28,0.258980023200906,0.0,0.028534312621295573,0.7776677513153216,0.7526057530145945,1.0
gemma2_2b,Gemma-2-2B,mmlu_pro,cctp_prob_linear_min_alpha,correct_pressure,500,-0.0807725416796822,0.018,0.01818198916359604,0.6811199999999998,0.92,0.3925,0.96,0.31888000000000005,0.18,0.238,0.27,0.008,1.0,0.104,0.0924613774572932,0.28,0.31846261420509464,0.0,0.03974335299024906,0.7382723139271674,0.7575850188758084,1.0
gemma2_2b,Gemma-2-2B,mmlu_pro,cctp_prob_linear_min_alpha,wrong_pressure,500,0.66899126130687,0.782,0.7679457921501482,0.77534,0.94,0.87,0.97,0.22466000000000003,0.114,0.148,0.178,0.012,1.0,0.104,0.14844716270350736,0.28,0.2570320854981099,0.0,0.039667310100882744,0.7737699002807921,0.7474839366002948,1.0
gemma2_2b,Gemma-2-2B,mmlu_pro,cctp_tube_loose,correct_pressure,500,-0.0807725416796822,0.018,0.01818198916359604,0.66466,0.84,0.59,0.91,0.33534,0.2,0.21,0.236,0.016,1.0,0.104,0.09210387155106235,0.28,0.3190364132200798,0.468,0.05690804431421415,0.7570752825557752,0.7518064509138868,1.0
gemma2_2b,Gemma-2-2B,mmlu_pro,cctp_tube_loose,wrong_pressure,500,0.66899126130687,0.782,0.7679457921501482,0.7138,0.84,0.7,0.9,0.2862,0.124,0.136,0.162,0.02,1.0,0.104,0.1473171862460656,0.28,0.25502501645762615,0.612,0.05477751830869781,0.8001110516275414,0.7421465751076312,1.0
gemma2_2b,Gemma-2-2B,mmlu_pro,cctp_tube_main,correct_pressure,500,-0.0807725416796822,0.018,0.01818198916359604,0.7034000000000001,0.88,0.6775,0.93,0.29660000000000003,0.18,0.188,0.218,0.016,1.0,0.104,0.09432008323961824,0.28,0.3005185072861107,0.0,0.029441012026172317,0.7461441928875165,0.7594159145620357,1.0
gemma2_2b,Gemma-2-2B,mmlu_pro,cctp_tube_main,wrong_pressure,500,0.66899126130687,0.782,0.7679457921501482,0.7494400000000001,0.88,0.74,0.93,0.25055999999999995,0.114,0.122,0.14,0.02,1.0,0.104,0.12910354221472506,0.28,0.258980023200906,0.0,0.028534312621295573,0.7776677513153216,0.7526057530145945,1.0
gemma2_2b,Gemma-2-2B,mmlu_pro,cctp_tube_strict,correct_pressure,500,-0.0807725416796822,0.018,0.01818198916359604,0.73722,0.92,0.74,0.96,0.26277999999999996,0.168,0.178,0.194,0.018,1.0,0.104,0.09570524011605314,0.28,0.28908335088862325,0.0,0.015288570912627242,0.7333998904409719,0.7629833286485231,1.0
gemma2_2b,Gemma-2-2B,mmlu_pro,cctp_tube_strict,wrong_pressure,500,0.66899126130687,0.782,0.7679457921501482,0.78334,0.91,0.78,0.96,0.21666000000000002,0.104,0.114,0.128,0.02,1.0,0.104,0.1175027800122127,0.28,0.26184580453191064,0.0,0.014197034499084318,0.7561987030109207,0.758284306216561,1.0
gemma2_2b,Gemma-2-2B,mmlu_pro,fresh_context_deletion,correct_pressure,500,-0.009746931737121703,0.104,0.09895453084327824,,,,,,,,,,1.0,0.104,0.09895453084327824,0.28,0.2660679343026054,0.0,3.8270780320885344e-19,0.7247680255187127,0.7597612769879902,1.0
gemma2_2b,Gemma-2-2B,mmlu_pro,fresh_context_deletion,wrong_pressure,500,-0.009746931737121703,0.104,0.09895453084327824,,,,,,,,,,1.0,0.104,0.09895453084327824,0.28,0.2660679343026054,0.0,3.8270780320885344e-19,0.7247680255187127,0.7597612769879902,1.0
gemma2_2b,Gemma-2-2B,mmlu_pro,ordinary_reset,correct_pressure,500,-0.0807725416796822,0.018,0.01818198916359604,,,,,,,,,,0.18,0.018,0.01818198916359604,0.876,0.8702737443093274,0.034,5.804310226510734,0.06210489932520155,0.982571061241747,1.0
gemma2_2b,Gemma-2-2B,mmlu_pro,ordinary_reset,wrong_pressure,500,0.66899126130687,0.782,0.7679457921501482,,,,,,,,,,0.114,0.782,0.7679457921501482,0.092,0.09497663796992156,0.046,6.680770051673502,0.0806244041151852,0.9733525027827088,1.0
gemma2_2b,Gemma-2-2B,truthfulqa_mc,cctp_geometric_prob_min_alpha,correct_pressure,500,-0.09606008789865146,0.052,0.05034588641891593,0.36048,0.0,0.0,0.8,0.63952,0.538,0.548,0.574,0.004,1.0,0.144,0.14094681461260744,0.552,0.558477689338601,0.0,0.020429106292606008,0.16690021433536714,0.9462927899258639,1.0
gemma2_2b,Gemma-2-2B,truthfulqa_mc,cctp_geometric_prob_min_alpha,wrong_pressure,500,0.31118819815388127,0.46,0.4575941724714487,0.46465999999999996,0.63,0.0,0.83,0.5353399999999999,0.38,0.406,0.42,0.002,1.0,0.144,0.15852408854728867,0.552,0.5375501632917258,0.0,0.02130780921364001,0.19786246293487467,0.9385535774317524,1.0
gemma2_2b,Gemma-2-2B,truthfulqa_mc,cctp_kl_projection_tau_005,correct_pressure,500,-0.09606008789865146,0.052,0.05034588641891593,0.36186,0.0,0.0,0.78,0.6381400000000002,0.514,0.524,0.556,0.0,1.0,0.142,0.13937536354929345,0.558,0.564037524320782,0.346,0.024568818837845122,0.20401189472522246,0.93333844833794,1.0
gemma2_2b,Gemma-2-2B,truthfulqa_mc,cctp_kl_projection_tau_005,wrong_pressure,500,0.31118819815388127,0.46,0.4575941724714487,0.45188,0.6,0.0,0.78,0.54812,0.37,0.388,0.42,0.0,1.0,0.15,0.16583004558202355,0.55,0.5327252340311753,0.504,0.03047337698848248,0.24670440231931032,0.9216230304423584,1.0
gemma2_2b,Gemma-2-2B,truthfulqa_mc,cctp_kl_projection_tau_010,correct_pressure,500,-0.09606008789865146,0.052,0.05034588641891593,0.32576,0.0,0.0,0.7224999999999999,0.6742400000000001,0.542,0.56,0.584,0.0,1.0,0.144,0.1346920043276394,0.558,0.5780635165219703,0.362,0.04718943069911738,0.24000083267635583,0.9195764813073295,1.0
gemma2_2b,Gemma-2-2B,truthfulqa_mc,cctp_kl_projection_tau_010,wrong_pressure,500,0.31118819815388127,0.46,0.4575941724714487,0.41312,0.555,0.0,0.73,0.58688,0.39,0.408,0.472,0.0,1.0,0.156,0.1804236535536581,0.548,0.5228807716418168,0.522,0.05962164958891953,0.30400618197367457,0.9004788827386765,1.0
gemma2_2b,Gemma-2-2B,truthfulqa_mc,cctp_logit_linear_min_alpha,correct_pressure,500,-0.09606008789865146,0.052,0.05034588641891593,0.36048,0.0,0.0,0.8,0.63952,0.538,0.548,0.574,0.004,1.0,0.144,0.1409468146126074,0.552,0.558477689338601,0.0,0.020429106292606015,0.16690021433536714,0.9462927899258639,1.0
gemma2_2b,Gemma-2-2B,truthfulqa_mc,cctp_logit_linear_min_alpha,wrong_pressure,500,0.31118819815388127,0.46,0.4575941724714487,0.46465999999999996,0.63,0.0,0.83,0.5353399999999999,0.38,0.406,0.42,0.002,1.0,0.144,0.15852408854728867,0.552,0.5375501632917258,0.0,0.02130780921364001,0.19786246293487467,0.9385535774317524,1.0
gemma2_2b,Gemma-2-2B,truthfulqa_mc,cctp_prob_linear_min_alpha,correct_pressure,500,-0.09606008789865146,0.052,0.05034588641891593,0.38054,0.0,0.0,0.96,0.61946,0.538,0.582,0.614,0.002,1.0,0.144,0.1403419712006201,0.552,0.5624551190225809,0.0,0.022685896648568613,0.16636104540089156,0.9459287523569199,1.0
gemma2_2b,Gemma-2-2B,truthfulqa_mc,cctp_prob_linear_min_alpha,wrong_pressure,500,0.31118819815388127,0.46,0.4575941724714487,0.5431199999999999,0.94,0.0,0.97,0.4568800000000001,0.38,0.416,0.442,0.002,1.0,0.144,0.16121956833815673,0.552,0.537427097024814,0.0,0.02303171744882638,0.19501046635113062,0.9379639200607535,1.0
gemma2_2b,Gemma-2-2B,truthfulqa_mc,cctp_tube_loose,correct_pressure,500,-0.09606008789865146,0.052,0.05034588641891593,0.3356,0.0,0.0,0.76,0.6644000000000001,0.554,0.568,0.588,0.004,1.0,0.144,0.13874860505131953,0.552,0.5643417488041994,0.34,0.033510429424729524,0.17928784448831195,0.9420620596343581,1.0
gemma2_2b,Gemma-2-2B,truthfulqa_mc,cctp_tube_loose,wrong_pressure,500,0.31118819815388127,0.46,0.4575941724714487,0.4377,0.59,0.0,0.79,0.5622999999999999,0.398,0.416,0.446,0.002,1.0,0.144,0.16449614299842114,0.552,0.5342876082031641,0.5,0.03540397216026264,0.21996536664863664,0.9306010882826705,1.0
gemma2_2b,Gemma-2-2B,truthfulqa_mc,cctp_tube_main,correct_pressure,500,-0.09606008789865146,0.052,0.05034588641891593,0.36048,0.0,0.0,0.8,0.63952,0.538,0.548,0.574,0.004,1.0,0.144,0.1409468146126074,0.552,0.558477689338601,0.0,0.020429106292606015,0.16690021433536714,0.9462927899258639,1.0
gemma2_2b,Gemma-2-2B,truthfulqa_mc,cctp_tube_main,wrong_pressure,500,0.31118819815388127,0.46,0.4575941724714487,0.46465999999999996,0.63,0.0,0.83,0.5353399999999999,0.38,0.406,0.42,0.002,1.0,0.144,0.15852408854728867,0.552,0.5375501632917258,0.0,0.02130780921364001,0.19786246293487467,0.9385535774317524,1.0
gemma2_2b,Gemma-2-2B,truthfulqa_mc,cctp_tube_strict,correct_pressure,500,-0.09606008789865146,0.052,0.05034588641891593,0.39308000000000004,0.0,0.0,0.84,0.6069199999999999,0.502,0.518,0.556,0.004,1.0,0.144,0.14264076381421312,0.552,0.5538360373348976,0.0,0.011493878061205557,0.1547120048949966,0.9491437275379204,1.0
gemma2_2b,Gemma-2-2B,truthfulqa_mc,cctp_tube_strict,wrong_pressure,500,0.31118819815388127,0.46,0.4575941724714487,0.49716,0.67,0.0,0.8625,0.5028400000000001,0.362,0.382,0.402,0.002,1.0,0.144,0.1538676674533127,0.552,0.5402733111412716,0.0,0.011651835256804126,0.17666949787201533,0.9441693315365334,1.0
gemma2_2b,Gemma-2-2B,truthfulqa_mc,fresh_context_deletion,correct_pressure,500,-0.010043319441817007,0.144,0.1464059743175674,,,,,,,,,,1.0,0.144,0.1464059743175674,0.552,0.5438035353275681,0.0,0.0,0.14295370091542636,0.9487154596002262,1.0
gemma2_2b,Gemma-2-2B,truthfulqa_mc,fresh_context_deletion,wrong_pressure,500,-0.010043319441817007,0.144,0.1464059743175674,,,,,,,,,,1.0,0.144,0.1464059743175674,0.552,0.5438035353275681,0.0,0.0,0.14295370091542636,0.9487154596002262,1.0
gemma2_2b,Gemma-2-2B,truthfulqa_mc,ordinary_reset,correct_pressure,500,-0.09606008789865146,0.052,0.05034588641891593,,,,,,,,,,0.538,0.052,0.05034588641891593,0.842,0.8434772995466258,0.034,3.303905630871734,0.030698469119056535,0.9904662042782053,1.0
gemma2_2b,Gemma-2-2B,truthfulqa_mc,ordinary_reset,wrong_pressure,500,0.31118819815388127,0.46,0.4575941724714487,,,,,,,,,,0.38,0.46,0.4575941724714487,0.338,0.3390258841390822,0.076,4.074105881554241,0.055825743322402685,0.9826878670178295,1.0
gemma2_9b,Gemma-2-9B,mmlu_pro,cctp_geometric_prob_min_alpha,correct_pressure,500,-0.03373755724579978,0.044,0.04415932754301849,0.48813999999999996,0.69,0.0,0.9,0.51186,0.402,0.42,0.444,0.004,1.0,0.078,0.07426510320037827,0.43,0.4322968942829734,0.0,0.030795564326674192,0.46486742820247295,0.8473225109986463,1.0
gemma2_9b,Gemma-2-9B,mmlu_pro,cctp_geometric_prob_min_alpha,wrong_pressure,500,0.18258248379627157,0.258,0.26047936858508985,0.5048400000000001,0.735,0.0,0.89,0.49516,0.376,0.402,0.428,0.006,1.0,0.078,0.08806887836985061,0.43,0.41318202545632915,0.0,0.030731023230308765,0.4664222177727573,0.8481464688773886,1.0
gemma2_9b,Gemma-2-9B,mmlu_pro,cctp_kl_projection_tau_005,correct_pressure,500,-0.03373755724579978,0.044,0.04415932754301849,0.4967,0.71,0.0,0.89,0.5033,0.382,0.394,0.418,0.0,1.0,0.07,0.07378070720284736,0.446,0.43517063359078634,0.248,0.030446026722796376,0.5073926149875142,0.8292910370264374,1.0
gemma2_9b,Gemma-2-9B,mmlu_pro,cctp_kl_projection_tau_005,wrong_pressure,500,0.18258248379627157,0.258,0.26047936858508985,0.51232,0.73,0.0,0.89,0.48767999999999995,0.366,0.374,0.394,0.0,1.0,0.092,0.09227691834773821,0.432,0.41015466473117285,0.278,0.030895193426814686,0.5122210217776452,0.8316348177680004,1.0
gemma2_9b,Gemma-2-9B,mmlu_pro,cctp_kl_projection_tau_010,correct_pressure,500,-0.03373755724579978,0.044,0.04415932754301849,0.45489999999999997,0.63,0.0,0.85,0.5450999999999999,0.404,0.422,0.454,0.0,1.0,0.068,0.07185092325550847,0.456,0.44790417288574746,0.292,0.05912879460909749,0.5152750175635332,0.8247526157896131,1.0
gemma2_9b,Gemma-2-9B,mmlu_pro,cctp_kl_projection_tau_010,wrong_pressure,500,0.18258248379627157,0.258,0.26047936858508985,0.46996000000000004,0.675,0.0,0.84,0.53004,0.378,0.406,0.434,0.0,1.0,0.096,0.10168323995063404,0.432,0.4086409525622919,0.306,0.06070155293940009,0.5226714771287753,0.8280332928416899,1.0
gemma2_9b,Gemma-2-9B,mmlu_pro,cctp_logit_linear_min_alpha,correct_pressure,500,-0.03373755724579978,0.044,0.04415932754301849,0.48813999999999996,0.69,0.0,0.9,0.51186,0.402,0.42,0.444,0.004,1.0,0.078,0.07426510320037827,0.43,0.4322968942829734,0.0,0.03079556432667419,0.464867428202473,0.8473225109986464,1.0
gemma2_9b,Gemma-2-9B,mmlu_pro,cctp_logit_linear_min_alpha,wrong_pressure,500,0.18258248379627157,0.258,0.26047936858508985,0.5048400000000001,0.735,0.0,0.89,0.49516,0.376,0.402,0.428,0.006,1.0,0.078,0.08806887836985061,0.43,0.41318202545632915,0.0,0.030731023230308768,0.4664222177727573,0.8481464688773885,1.0
gemma2_9b,Gemma-2-9B,mmlu_pro,cctp_prob_linear_min_alpha,correct_pressure,500,-0.03373755724579978,0.044,0.04415932754301849,0.44767999999999997,0.425,0.0,0.94,0.55232,0.402,0.476,0.516,0.004,1.0,0.078,0.07431345414652049,0.43,0.43612504603870045,0.0,0.03431004292672127,0.4591467575604183,0.8465707090374991,1.0
gemma2_9b,Gemma-2-9B,mmlu_pro,cctp_prob_linear_min_alpha,wrong_pressure,500,0.18258248379627157,0.258,0.26047936858508985,0.46794,0.5,0.0,0.94,0.53206,0.376,0.452,0.506,0.004,1.0,0.078,0.0911813533340142,0.43,0.4130654754057655,0.0,0.03372315350092598,0.46019473332893107,0.8468357183130075,1.0
gemma2_9b,Gemma-2-9B,mmlu_pro,cctp_tube_loose,correct_pressure,500,-0.03373755724579978,0.044,0.04415932754301849,0.45056000000000007,0.605,0.0,0.85,0.54944,0.434,0.446,0.476,0.004,1.0,0.078,0.07261675609736314,0.43,0.44302272825313255,0.246,0.05728044636287744,0.45822664919747763,0.8458734513660344,1.0
gemma2_9b,Gemma-2-9B,mmlu_pro,cctp_tube_loose,wrong_pressure,500,0.18258248379627157,0.258,0.26047936858508985,0.46724000000000004,0.67,0.0,0.85,0.53276,0.412,0.424,0.444,0.006,1.0,0.078,0.09389967129878177,0.43,0.4134875298160662,0.284,0.05700877184605128,0.45901477165594146,0.8481089442350447,1.0
gemma2_9b,Gemma-2-9B,mmlu_pro,cctp_tube_main,correct_pressure,500,-0.03373755724579978,0.044,0.04415932754301849,0.48813999999999996,0.69,0.0,0.9,0.51186,0.402,0.42,0.444,0.004,1.0,0.078,0.07426510320037827,0.43,0.4322968942829734,0.0,0.03079556432667419,0.464867428202473,0.8473225109986464,1.0
gemma2_9b,Gemma-2-9B,mmlu_pro,cctp_tube_main,wrong_pressure,500,0.18258248379627157,0.258,0.26047936858508985,0.5048400000000001,0.735,0.0,0.89,0.49516,0.376,0.402,0.428,0.006,1.0,0.078,0.08806887836985061,0.43,0.41318202545632915,0.0,0.030731023230308768,0.4664222177727573,0.8481464688773885,1.0
gemma2_9b,Gemma-2-9B,mmlu_pro,cctp_tube_strict,correct_pressure,500,-0.03373755724579978,0.044,0.04415932754301849,0.52466,0.77,0.0,0.93,0.47534,0.382,0.392,0.414,0.01,1.0,0.078,0.07543314342348222,0.43,0.4250049696627377,0.0,0.016154826698749087,0.468845073220037,0.8458875977455835,1.0
gemma2_9b,Gemma-2-9B,mmlu_pro,cctp_tube_strict,wrong_pressure,500,0.18258248379627157,0.258,0.26047936858508985,0.54184,0.79,0.0,0.93,0.45816,0.362,0.372,0.394,0.01,1.0,0.078,0.08454786303663732,0.43,0.41275327032794423,0.0,0.016050129709932078,0.46960587684386285,0.846330411666649,1.0
gemma2_9b,Gemma-2-9B,mmlu_pro,fresh_context_deletion,correct_pressure,500,-0.005524840563688377,0.078,0.07789688478881829,,,,,,,,,,1.0,0.078,0.07789688478881829,0.43,0.410389294772807,0.0,0.0,0.4937408276932899,0.832531775385452,1.0
gemma2_9b,Gemma-2-9B,mmlu_pro,fresh_context_deletion,wrong_pressure,500,-0.005524840563688377,0.078,0.07789688478881829,,,,,,,,,,1.0,0.078,0.07789688478881829,0.43,0.410389294772807,0.0,0.0,0.4937408276932899,0.832531775385452,1.0
gemma2_9b,Gemma-2-9B,mmlu_pro,ordinary_reset,correct_pressure,500,-0.03373755724579978,0.044,0.04415932754301849,,,,,,,,,,0.402,0.044,0.04415932754301849,0.624,0.6238394137337414,0.016,3.3320150614763695,0.034890736473263635,0.9902911160315337,1.0
gemma2_9b,Gemma-2-9B,mmlu_pro,ordinary_reset,wrong_pressure,500,0.18258248379627157,0.258,0.26047936858508985,,,,,,,,,,0.376,0.258,0.26047936858508985,0.37,0.36944779581486253,0.014,3.490230802465894,0.03312953936071428,0.991011501098989,1.0
gemma2_9b,Gemma-2-9B,truthfulqa_mc,cctp_geometric_prob_min_alpha,correct_pressure,500,-0.010976775683543454,0.076,0.07585068860068302,0.16201999999999997,0.0,0.0,0.0,0.8379800000000001,0.796,0.8,0.81,0.0,1.0,0.086,0.0862122860299225,0.784,0.7793387679779841,0.0,0.013712347028407583,0.07442184975328212,0.9769613352912999,1.0
gemma2_9b,Gemma-2-9B,truthfulqa_mc,cctp_geometric_prob_min_alpha,wrong_pressure,500,-0.028659253259286536,0.058,0.058168211024939936,0.17244,0.0,0.0,0.0,0.82756,0.782,0.788,0.8,0.0,1.0,0.086,0.08465886406186669,0.784,0.7804335461008801,0.0,0.013841145226730708,0.07607544420066717,0.9759659791328874,1.0
gemma2_9b,Gemma-2-9B,truthfulqa_mc,cctp_kl_projection_tau_005,correct_pressure,500,-0.010976775683543454,0.076,0.07585068860068302,0.16934,0.0,0.0,0.0,0.83066,0.77,0.786,0.798,0.0,1.0,0.088,0.0860666511150074,0.784,0.7791697292797444,0.118,0.013219881473137482,0.08912210627833864,0.9710245590083667,1.0
gemma2_9b,Gemma-2-9B,truthfulqa_mc,cctp_kl_projection_tau_005,wrong_pressure,500,-0.028659253259286536,0.058,0.058168211024939936,0.18051999999999999,0.0,0.0,0.0,0.81948,0.758,0.77,0.788,0.0,1.0,0.086,0.08445395015664425,0.782,0.7799653937586207,0.132,0.013902391047092993,0.0919722389747351,0.9696194374083107,1.0
gemma2_9b,Gemma-2-9B,truthfulqa_mc,cctp_kl_projection_tau_010,correct_pressure,500,-0.010976775683543454,0.076,0.07585068860068302,0.15066,0.0,0.0,0.0,0.84934,0.796,0.8,0.81,0.0,1.0,0.088,0.08559790572238128,0.784,0.7807187837392248,0.128,0.02335704872369355,0.09833563504908674,0.9670838431771158,1.0
gemma2_9b,Gemma-2-9B,truthfulqa_mc,cctp_kl_projection_tau_010,wrong_pressure,500,-0.028659253259286536,0.058,0.058168211024939936,0.15988,0.0,0.0,0.0,0.84012,0.782,0.788,0.802,0.0,1.0,0.086,0.08303614305700327,0.782,0.7821221354358869,0.142,0.024781521234560216,0.10297998220876932,0.9648689571123313,1.0
gemma2_9b,Gemma-2-9B,truthfulqa_mc,cctp_logit_linear_min_alpha,correct_pressure,500,-0.010976775683543454,0.076,0.07585068860068302,0.16201999999999997,0.0,0.0,0.0,0.8379800000000001,0.796,0.8,0.81,0.0,1.0,0.086,0.0862122860299225,0.784,0.7793387679779841,0.0,0.013712347028407585,0.07442184975328212,0.9769613352912999,1.0
gemma2_9b,Gemma-2-9B,truthfulqa_mc,cctp_logit_linear_min_alpha,wrong_pressure,500,-0.028659253259286536,0.058,0.058168211024939936,0.17244,0.0,0.0,0.0,0.82756,0.782,0.788,0.8,0.0,1.0,0.086,0.08465886406186669,0.784,0.7804335461008801,0.0,0.013841145226730708,0.07607544420066717,0.9759659791328874,1.0
gemma2_9b,Gemma-2-9B,truthfulqa_mc,cctp_prob_linear_min_alpha,correct_pressure,500,-0.010976775683543454,0.076,0.07585068860068302,0.14983999999999997,0.0,0.0,0.0,0.8501599999999999,0.796,0.828,0.85,0.0,1.0,0.086,0.0865215662354691,0.784,0.7798171233318945,0.0,0.013983630747955009,0.07279732556534103,0.9770218423596487,1.0
gemma2_9b,Gemma-2-9B,truthfulqa_mc,cctp_prob_linear_min_alpha,wrong_pressure,500,-0.028659253259286536,0.058,0.058168211024939936,0.16168000000000002,0.0,0.0,0.0,0.8383200000000001,0.782,0.816,0.84,0.0,1.0,0.086,0.0847706057032283,0.784,0.780817185866026,0.0,0.014364608685604288,0.07469026183724993,0.9758512034895107,1.0
gemma2_9b,Gemma-2-9B,truthfulqa_mc,cctp_tube_loose,correct_pressure,500,-0.010976775683543454,0.076,0.07585068860068302,0.14745999999999998,0.0,0.0,0.0,0.85254,0.804,0.81,0.82,0.0,1.0,0.086,0.08599940914180265,0.784,0.7806338521897892,0.122,0.022192513904459952,0.07642828254934211,0.9759413654115852,1.0
gemma2_9b,Gemma-2-9B,truthfulqa_mc,cctp_tube_loose,wrong_pressure,500,-0.028659253259286536,0.058,0.058168211024939936,0.15747999999999998,0.0,0.0,0.0,0.8425199999999999,0.794,0.8,0.808,0.0,1.0,0.086,0.08412657359099553,0.784,0.7820075161795873,0.132,0.022072277519819376,0.07915437671566014,0.9744295989520269,1.0
gemma2_9b,Gemma-2-9B,truthfulqa_mc,cctp_tube_main,correct_pressure,500,-0.010976775683543454,0.076,0.07585068860068302,0.16201999999999997,0.0,0.0,0.0,0.8379800000000001,0.796,0.8,0.81,0.0,1.0,0.086,0.0862122860299225,0.784,0.7793387679779841,0.0,0.013712347028407585,0.07442184975328212,0.9769613352912999,1.0
gemma2_9b,Gemma-2-9B,truthfulqa_mc,cctp_tube_main,wrong_pressure,500,-0.028659253259286536,0.058,0.058168211024939936,0.17244,0.0,0.0,0.0,0.82756,0.782,0.788,0.8,0.0,1.0,0.086,0.08465886406186669,0.784,0.7804335461008801,0.0,0.013841145226730708,0.07607544420066717,0.9759659791328874,1.0
gemma2_9b,Gemma-2-9B,truthfulqa_mc,cctp_tube_strict,correct_pressure,500,-0.010976775683543454,0.076,0.07585068860068302,0.17911999999999997,0.0,0.0,0.0,0.8208799999999999,0.77,0.786,0.798,0.0,1.0,0.086,0.08642190535033803,0.784,0.778349180658999,0.0,0.008424073850194298,0.07228303356733934,0.9772966390495659,1.0
gemma2_9b,Gemma-2-9B,truthfulqa_mc,cctp_tube_strict,wrong_pressure,500,-0.028659253259286536,0.058,0.058168211024939936,0.19125999999999999,0.0,0.0,0.0,0.80874,0.758,0.77,0.788,0.0,1.0,0.086,0.08529033728395251,0.784,0.779106234848716,0.0,0.008477409595638802,0.07322126027335221,0.9765830023095403,1.0
gemma2_9b,Gemma-2-9B,truthfulqa_mc,fresh_context_deletion,correct_pressure,500,-0.004146434389835847,0.086,0.08682746428422648,,,,,,,,,,1.0,0.086,0.08682746428422648,0.784,0.7753031038405511,0.0,3.3759307173142235e-19,0.08088502730408191,0.9731562097226137,1.0
gemma2_9b,Gemma-2-9B,truthfulqa_mc,fresh_context_deletion,wrong_pressure,500,-0.004146434389835847,0.086,0.08682746428422648,,,,,,,,,,1.0,0.086,0.08682746428422648,0.784,0.7753031038405511,0.0,3.3759307173142235e-19,0.08088502730408191,0.9731562097226137,1.0
gemma2_9b,Gemma-2-9B,truthfulqa_mc,ordinary_reset,correct_pressure,500,-0.010976775683543454,0.076,0.07585068860068302,,,,,,,,,,0.796,0.076,0.07585068860068302,0.796,0.7954129030358112,0.004,1.1081962714859095,0.0075490193984631875,0.9983359898592141,1.0
gemma2_9b,Gemma-2-9B,truthfulqa_mc,ordinary_reset,wrong_pressure,500,-0.028659253259286536,0.058,0.058168211024939936,,,,,,,,,,0.782,0.058,0.058168211024939936,0.814,0.8142433245851305,0.002,1.3282337670102975,0.006769464551696743,0.9983476687008102,1.0
llama31_8b,Llama-3.1-8B,mmlu_pro,cctp_geometric_prob_min_alpha,correct_pressure,500,-0.014706823002487027,0.068,0.07041896629717405,0.6148799999999999,0.7,0.47,0.84,0.38512,0.086,0.146,0.292,0.034,1.0,0.09,0.08241695799903397,0.414,0.38108292372699815,0.0,0.04587419906286804,1.166230643876388,0.5979625130456311,1.0
llama31_8b,Llama-3.1-8B,mmlu_pro,cctp_geometric_prob_min_alpha,wrong_pressure,500,0.18184173820942232,0.326,0.2669675275090834,0.6,0.68,0.42,0.85,0.4,0.102,0.168,0.314,0.048,1.0,0.09,0.11068630104135435,0.414,0.3516571328384291,0.0,0.04363270640470382,1.18138702998803,0.5912772883071722,1.0
llama31_8b,Llama-3.1-8B,mmlu_pro,cctp_kl_projection_tau_005,correct_pressure,500,-0.014706823002487027,0.068,0.07041896629717405,0.5929800000000001,0.68,0.4775,0.78,0.40702,0.08,0.132,0.272,0.0,1.0,0.076,0.08168308172109534,0.47,0.37516312241050104,0.308,0.04579738464006165,1.2175287828747514,0.5803857677509148,1.0
llama31_8b,Llama-3.1-8B,mmlu_pro,cctp_kl_projection_tau_005,wrong_pressure,500,0.18184173820942232,0.326,0.2669675275090834,0.57534,0.68,0.47,0.78,0.42466,0.108,0.16,0.288,0.0,1.0,0.128,0.11280569264407161,0.41,0.3467962518121691,0.28,0.04459704955054457,1.223059190025747,0.5772825961786814,1.0
llama31_8b,Llama-3.1-8B,mmlu_pro,cctp_kl_projection_tau_010,correct_pressure,500,-0.014706823002487027,0.068,0.07041896629717405,0.48275999999999997,0.55,0.31,0.69,0.51724,0.126,0.218,0.43,0.0,1.0,0.07,0.08035250238073377,0.49,0.3834061990969602,0.35,0.0900381226167296,1.2271536805787664,0.5765253850116615,1.0
llama31_8b,Llama-3.1-8B,mmlu_pro,cctp_kl_projection_tau_010,wrong_pressure,500,0.18184173820942232,0.326,0.2669675275090834,0.46828,0.56,0.2775,0.69,0.5317200000000001,0.144,0.24,0.43,0.0,1.0,0.16,0.12811614631638174,0.402,0.3409925216226369,0.324,0.08757746903255972,1.2354552851208864,0.5717046372181496,1.0
llama31_8b,Llama-3.1-8B,mmlu_pro,cctp_logit_linear_min_alpha,correct_pressure,500,-0.014706823002487027,0.068,0.07041896629717405,0.6148799999999999,0.7,0.47,0.84,0.38512,0.086,0.146,0.292,0.034,1.0,0.09,0.08241695799903398,0.414,0.38108292372699815,0.0,0.04587419906286804,1.166230643876388,0.5979625130456311,1.0
llama31_8b,Llama-3.1-8B,mmlu_pro,cctp_logit_linear_min_alpha,wrong_pressure,500,0.18184173820942232,0.326,0.2669675275090834,0.6,0.68,0.42,0.85,0.4,0.102,0.168,0.314,0.048,1.0,0.09,0.11068630104135437,0.414,0.3516571328384291,0.0,0.04363270640470382,1.18138702998803,0.5912772883071722,1.0
llama31_8b,Llama-3.1-8B,mmlu_pro,cctp_prob_linear_min_alpha,correct_pressure,500,-0.014706823002487027,0.068,0.07041896629717405,0.66526,0.8,0.4975,0.91,0.33474,0.086,0.148,0.252,0.034,1.0,0.09,0.08197489799285627,0.414,0.384339071725228,0.0,0.04377758734554173,1.175623319357983,0.5938036325303879,1.0
llama31_8b,Llama-3.1-8B,mmlu_pro,cctp_prob_linear_min_alpha,wrong_pressure,500,0.18184173820942232,0.326,0.2669675275090834,0.65756,0.81,0.47,0.91,0.34244,0.102,0.168,0.276,0.048,1.0,0.09,0.11850347043019382,0.414,0.3476287606078969,0.0,0.04231270800164047,1.1969201806131267,0.5847084127557404,1.0
llama31_8b,Llama-3.1-8B,mmlu_pro,cctp_tube_loose,correct_pressure,500,-0.014706823002487027,0.068,0.07041896629717405,0.5274800000000001,0.595,0.29,0.78,0.47252,0.138,0.224,0.406,0.034,1.0,0.09,0.08125089709057348,0.414,0.3910804590175337,0.328,0.08375572966136748,1.1610949834970918,0.5926711141349676,1.0
llama31_8b,Llama-3.1-8B,mmlu_pro,cctp_tube_loose,wrong_pressure,500,0.18184173820942232,0.326,0.2669675275090834,0.51338,0.57,0.26,0.78,0.48662,0.158,0.244,0.44,0.048,1.0,0.09,0.12242713865269476,0.414,0.34817404740050373,0.3,0.08009893514172572,1.1833914518481565,0.5825130979986743,1.0
llama31_8b,Llama-3.1-8B,mmlu_pro,cctp_tube_main,correct_pressure,500,-0.014706823002487027,0.068,0.07041896629717405,0.6148799999999999,0.7,0.47,0.84,0.38512,0.086,0.146,0.292,0.034,1.0,0.09,0.08241695799903398,0.414,0.38108292372699815,0.0,0.04587419906286804,1.166230643876388,0.5979625130456311,1.0
llama31_8b,Llama-3.1-8B,mmlu_pro,cctp_tube_main,wrong_pressure,500,0.18184173820942232,0.326,0.2669675275090834,0.6,0.68,0.42,0.85,0.4,0.102,0.168,0.314,0.048,1.0,0.09,0.11068630104135437,0.414,0.3516571328384291,0.0,0.04363270640470382,1.18138702998803,0.5912772883071722,1.0
llama31_8b,Llama-3.1-8B,mmlu_pro,cctp_tube_strict,correct_pressure,500,-0.014706823002487027,0.068,0.07041896629717405,0.6965999999999999,0.78,0.58,0.89,0.3034,0.044,0.1,0.19,0.034,1.0,0.09,0.08314585406573796,0.414,0.37386511965304325,0.0,0.023958275035610016,1.1675076876102604,0.5994042795462861,1.0
llama31_8b,Llama-3.1-8B,mmlu_pro,cctp_tube_strict,wrong_pressure,500,0.18184173820942232,0.326,0.2669675275090834,0.6785399999999999,0.76,0.5575000000000001,0.89,0.32145999999999997,0.074,0.128,0.212,0.048,1.0,0.09,0.10222061121494837,0.414,0.35363277299733975,0.0,0.022800304272514782,1.1776313204476703,0.5949696899710244,1.0
llama31_8b,Llama-3.1-8B,mmlu_pro,fresh_context_deletion,correct_pressure,500,-0.0021367706001723203,0.09,0.08512578929966108,,,,,,,,,,1.0,0.09,0.08512578929966108,0.414,0.3537964205975369,0.0,-5.478425064885542e-19,1.1774046304814474,0.5903584258627645,1.0
llama31_8b,Llama-3.1-8B,mmlu_pro,fresh_context_deletion,wrong_pressure,500,-0.0021367706001723203,0.09,0.08512578929966108,,,,,,,,,,1.0,0.09,0.08512578929966108,0.414,0.3537964205975369,0.0,-5.478425064885542e-19,1.1774046304814474,0.5903584258627645,1.0
llama31_8b,Llama-3.1-8B,mmlu_pro,ordinary_reset,correct_pressure,500,-0.014706823002487027,0.068,0.07041896629717405,,,,,,,,,,0.086,0.068,0.07041896629717405,0.548,0.4437923451871816,0.3,0.9637659066688055,0.9828722434426997,0.6595725578855781,1.0
llama31_8b,Llama-3.1-8B,mmlu_pro,ordinary_reset,wrong_pressure,500,0.18184173820942232,0.326,0.2669675275090834,,,,,,,,,,0.102,0.326,0.2669675275090834,0.324,0.2912802913198216,0.272,0.9139129323684885,0.9821973372738674,0.6605850405585011,1.0
llama31_8b,Llama-3.1-8B,truthfulqa_mc,cctp_geometric_prob_min_alpha,correct_pressure,500,0.013791967395416521,0.12,0.13973276817460567,0.44894,0.49,0.06,0.76,0.5510600000000001,0.236,0.356,0.506,0.004,1.0,0.128,0.13117148396752623,0.632,0.6051938739717853,0.0,0.030073659456181807,0.4241802600435262,0.8567569392758476,1.0
llama31_8b,Llama-3.1-8B,truthfulqa_mc,cctp_geometric_prob_min_alpha,wrong_pressure,500,-0.057608992710249114,0.05,0.06833180806894007,0.4021799999999999,0.435,0.0,0.7725,0.59782,0.382,0.454,0.546,0.008,1.0,0.128,0.12076781183472114,0.632,0.6243816618302152,0.0,0.02749968472906048,0.388668733130683,0.8637772363874607,1.0
llama31_8b,Llama-3.1-8B,truthfulqa_mc,cctp_kl_projection_tau_005,correct_pressure,500,0.013791967395416521,0.12,0.13973276817460567,0.3989,0.42,0.0075,0.68,0.6011,0.25,0.382,0.564,0.0,1.0,0.126,0.1323125263903661,0.636,0.5988907287227985,0.522,0.039677222301580786,0.480187422508269,0.8325223647105101,1.0
llama31_8b,Llama-3.1-8B,truthfulqa_mc,cctp_kl_projection_tau_005,wrong_pressure,500,-0.057608992710249114,0.05,0.06833180806894007,0.36867999999999995,0.365,0.0,0.72,0.6313199999999999,0.384,0.452,0.572,0.0,1.0,0.122,0.11800700286007858,0.644,0.6250353099907986,0.346,0.03326849457221551,0.43187409892861806,0.8437929669808536,1.0
llama31_8b,Llama-3.1-8B,truthfulqa_mc,cctp_kl_projection_tau_010,correct_pressure,500,0.013791967395416521,0.12,0.13973276817460567,0.30982,0.265,0.0,0.56,0.69018,0.332,0.49,0.668,0.0,1.0,0.13,0.1357245083208635,0.632,0.5889555404051273,0.568,0.0746138449435082,0.5292526550518912,0.8121386813341143,1.0
llama31_8b,Llama-3.1-8B,truthfulqa_mc,cctp_kl_projection_tau_010,wrong_pressure,500,-0.057608992710249114,0.05,0.06833180806894007,0.29458,0.16,0.0,0.61,0.70542,0.458,0.534,0.672,0.0,1.0,0.118,0.11430543622860652,0.654,0.6297954992719071,0.392,0.0616054930826563,0.45759330633921774,0.8314391446217394,1.0
llama31_8b,Llama-3.1-8B,truthfulqa_mc,cctp_logit_linear_min_alpha,correct_pressure,500,0.013791967395416521,0.12,0.13973276817460567,0.44894,0.49,0.06,0.76,0.5510600000000001,0.236,0.356,0.506,0.004,1.0,0.128,0.13117148396752623,0.632,0.6051938739717854,0.0,0.030073659456181803,0.4241802600435262,0.8567569392758476,1.0
llama31_8b,Llama-3.1-8B,truthfulqa_mc,cctp_logit_linear_min_alpha,wrong_pressure,500,-0.057608992710249114,0.05,0.06833180806894007,0.4021799999999999,0.435,0.0,0.7725,0.59782,0.382,0.454,0.546,0.008,1.0,0.128,0.12076781183472114,0.632,0.6243816618302152,0.0,0.02749968472906047,0.388668733130683,0.8637772363874607,1.0
llama31_8b,Llama-3.1-8B,truthfulqa_mc,cctp_prob_linear_min_alpha,correct_pressure,500,0.013791967395416521,0.12,0.13973276817460567,0.5796399999999999,0.77,0.0975,0.92,0.42036,0.236,0.28,0.372,0.004,1.0,0.128,0.13052977014845626,0.632,0.604262659984008,0.0,0.028992632384551804,0.43257257995684356,0.8532721759736097,1.0
llama31_8b,Llama-3.1-8B,truthfulqa_mc,cctp_prob_linear_min_alpha,wrong_pressure,500,-0.057608992710249114,0.05,0.06833180806894007,0.44982,0.44,0.0,0.91,0.5501800000000001,0.382,0.444,0.528,0.008,1.0,0.128,0.12041407635654132,0.632,0.623993041158815,0.0,0.026403827636581206,0.39320388509397,0.8625844343383713,1.0
llama31_8b,Llama-3.1-8B,truthfulqa_mc,cctp_tube_loose,correct_pressure,500,0.013791967395416521,0.12,0.13973276817460567,0.378,0.36,0.0,0.6625000000000001,0.622,0.284,0.404,0.604,0.004,1.0,0.128,0.13278598368895145,0.632,0.600949522420691,0.514,0.05184659364172927,0.4473544316343906,0.845002841989274,1.0
llama31_8b,Llama-3.1-8B,truthfulqa_mc,cctp_tube_loose,wrong_pressure,500,-0.057608992710249114,0.05,0.06833180806894007,0.33965999999999996,0.25,0.0,0.6825,0.6603399999999999,0.426,0.502,0.624,0.008,1.0,0.128,0.11811729013397847,0.632,0.6284457467191445,0.346,0.04795436690490517,0.40154399243167144,0.8544261541393462,1.0
llama31_8b,Llama-3.1-8B,truthfulqa_mc,cctp_tube_main,correct_pressure,500,0.013791967395416521,0.12,0.13973276817460567,0.44894,0.49,0.06,0.76,0.5510600000000001,0.236,0.356,0.506,0.004,1.0,0.128,0.13117148396752623,0.632,0.6051938739717854,0.0,0.030073659456181803,0.4241802600435262,0.8567569392758476,1.0
llama31_8b,Llama-3.1-8B,truthfulqa_mc,cctp_tube_main,wrong_pressure,500,-0.057608992710249114,0.05,0.06833180806894007,0.4021799999999999,0.435,0.0,0.7725,0.59782,0.382,0.454,0.546,0.008,1.0,0.128,0.12076781183472114,0.632,0.6243816618302152,0.0,0.02749968472906047,0.388668733130683,0.8637772363874607,1.0
llama31_8b,Llama-3.1-8B,truthfulqa_mc,cctp_tube_strict,correct_pressure,500,0.013791967395416521,0.12,0.13973276817460567,0.5219000000000001,0.61,0.2,0.83,0.47809999999999997,0.182,0.274,0.43,0.004,1.0,0.128,0.12949451232301493,0.632,0.6086078375568382,0.0,0.016411108935340937,0.4032960671469215,0.8633116159802514,1.0
llama31_8b,Llama-3.1-8B,truthfulqa_mc,cctp_tube_strict,wrong_pressure,500,-0.057608992710249114,0.05,0.06833180806894007,0.46432,0.55,0.0,0.84,0.53568,0.33,0.396,0.468,0.008,1.0,0.128,0.12235631608831457,0.632,0.6216152784323505,0.0,0.01522120641172211,0.37861019331428314,0.8680305647508969,1.0
llama31_8b,Llama-3.1-8B,truthfulqa_mc,fresh_context_deletion,correct_pressure,500,0.01351511139741248,0.128,0.12594080077918918,,,,,,,,,,1.0,0.128,0.12594080077918918,0.632,0.6124169920734126,0.0,8.217466651730396e-19,0.36530053708218974,0.8664331733351004,1.0
llama31_8b,Llama-3.1-8B,truthfulqa_mc,fresh_context_deletion,wrong_pressure,500,0.01351511139741248,0.128,0.12594080077918918,,,,,,,,,,1.0,0.128,0.12594080077918918,0.632,0.6124169920734126,0.0,8.217466651730396e-19,0.36530053708218974,0.8664331733351004,1.0
llama31_8b,Llama-3.1-8B,truthfulqa_mc,ordinary_reset,correct_pressure,500,0.013791967395416521,0.12,0.13973276817460567,,,,,,,,,,0.236,0.12,0.13973276817460567,0.586,0.5403025719741495,0.504,0.694477057252554,0.5445409613258999,0.7882878503724147,1.0
llama31_8b,Llama-3.1-8B,truthfulqa_mc,ordinary_reset,wrong_pressure,500,-0.057608992710249114,0.05,0.06833180806894007,,,,,,,,,,0.382,0.05,0.06833180806894007,0.702,0.6696201746655394,0.314,0.7490532386100426,0.4036851617167885,0.844692406605275,1.0
mistral_7b,Mistral-7B,mmlu_pro,cctp_geometric_prob_min_alpha,correct_pressure,500,-0.08087086303764465,0.008,0.009874439083084156,0.62522,0.78,0.3975,0.92,0.37477999999999995,0.198,0.218,0.284,0.004,1.0,0.084,0.08592268538817907,0.326,0.34963856483578387,0.0,0.03170243554029617,0.4354245451007804,0.8412854693653367,1.0
mistral_7b,Mistral-7B,mmlu_pro,cctp_geometric_prob_min_alpha,wrong_pressure,500,0.6592114301852703,0.756,0.749956732305999,0.65908,0.76,0.52,0.91,0.34091999999999995,0.12,0.128,0.226,0.004,1.0,0.084,0.1099301077740995,0.326,0.31054383025442506,0.0,0.029971811002728145,0.47099370184794886,0.8317247075494872,1.0
mistral_7b,Mistral-7B,mmlu_pro,cctp_kl_projection_tau_005,correct_pressure,500,-0.08087086303764465,0.008,0.009874439083084156,0.6190399999999999,0.755,0.455,0.89,0.38096,0.18,0.206,0.268,0.0,1.0,0.084,0.08396447097229805,0.354,0.3584072514632703,0.458,0.03774037966099939,0.48535006854839374,0.818897746115372,1.0
mistral_7b,Mistral-7B,mmlu_pro,cctp_kl_projection_tau_005,wrong_pressure,500,0.6592114301852703,0.756,0.749956732305999,0.63924,0.73,0.51,0.88,0.36075999999999997,0.112,0.126,0.24,0.0,1.0,0.108,0.11882363485375157,0.328,0.30569439835394974,0.594,0.04074508932225487,0.5263066357198875,0.8104491527949635,1.0
mistral_7b,Mistral-7B,mmlu_pro,cctp_kl_projection_tau_010,correct_pressure,500,-0.08087086303764465,0.008,0.009874439083084156,0.57464,0.7,0.3575,0.8525,0.42536,0.202,0.228,0.316,0.0,1.0,0.084,0.08004633979374269,0.364,0.3830730444792964,0.536,0.07524147344955864,0.5305190202666079,0.8017768207146778,1.0
mistral_7b,Mistral-7B,mmlu_pro,cctp_kl_projection_tau_010,wrong_pressure,500,0.6592114301852703,0.756,0.749956732305999,0.5951400000000001,0.66,0.47,0.83,0.40486,0.122,0.14,0.304,0.0,1.0,0.114,0.14086807049097497,0.326,0.29648179491188015,0.654,0.08197912245312111,0.5970598827288258,0.7858025263656204,1.0
mistral_7b,Mistral-7B,mmlu_pro,cctp_logit_linear_min_alpha,correct_pressure,500,-0.08087086303764465,0.008,0.009874439083084156,0.62522,0.78,0.3975,0.92,0.37477999999999995,0.198,0.218,0.284,0.004,1.0,0.084,0.08592268538817907,0.326,0.34963856483578387,0.0,0.03170243554029617,0.4354245451007804,0.8412854693653368,1.0
mistral_7b,Mistral-7B,mmlu_pro,cctp_logit_linear_min_alpha,wrong_pressure,500,0.6592114301852703,0.756,0.749956732305999,0.65908,0.76,0.52,0.91,0.34091999999999995,0.12,0.128,0.226,0.004,1.0,0.084,0.1099301077740995,0.326,0.3105438302544251,0.0,0.029971811002728138,0.47099370184794886,0.8317247075494872,1.0
mistral_7b,Mistral-7B,mmlu_pro,cctp_prob_linear_min_alpha,correct_pressure,500,-0.08087086303764465,0.008,0.009874439083084156,0.6658399999999999,0.94,0.16,0.97,0.33416,0.198,0.264,0.308,0.002,1.0,0.084,0.08527689918668623,0.326,0.3597812954567706,0.0,0.03516959338160013,0.4430386061645484,0.8394891823469127,1.0
mistral_7b,Mistral-7B,mmlu_pro,cctp_prob_linear_min_alpha,wrong_pressure,500,0.6592114301852703,0.756,0.749956732305999,0.7970999999999999,0.96,0.92,0.97,0.20290000000000002,0.12,0.148,0.174,0.004,1.0,0.084,0.12350521102544451,0.326,0.3078563257175948,0.0,0.033834348314877256,0.4905445519037586,0.825259493259718,1.0
mistral_7b,Mistral-7B,mmlu_pro,cctp_tube_loose,correct_pressure,500,-0.08087086303764465,0.008,0.009874439083084156,0.58538,0.715,0.3,0.88,0.41462,0.218,0.248,0.31,0.004,1.0,0.084,0.08336553718098937,0.326,0.3663796780815631,0.474,0.059309017899855904,0.45456328295511905,0.8307556039264636,1.0
mistral_7b,Mistral-7B,mmlu_pro,cctp_tube_loose,wrong_pressure,500,0.6592114301852703,0.756,0.749956732305999,0.62348,0.7,0.49,0.86,0.37651999999999997,0.13,0.142,0.272,0.004,1.0,0.084,0.12218170089057548,0.326,0.30593784129539914,0.634,0.05448766197889453,0.5050368741418164,0.8169820095620044,1.0
mistral_7b,Mistral-7B,mmlu_pro,cctp_tube_main,correct_pressure,500,-0.08087086303764465,0.008,0.009874439083084156,0.62522,0.78,0.3975,0.92,0.37477999999999995,0.198,0.218,0.284,0.004,1.0,0.084,0.08592268538817907,0.326,0.34963856483578387,0.0,0.03170243554029617,0.4354245451007804,0.8412854693653368,1.0
mistral_7b,Mistral-7B,mmlu_pro,cctp_tube_main,wrong_pressure,500,0.6592114301852703,0.756,0.749956732305999,0.65908,0.76,0.52,0.91,0.34091999999999995,0.12,0.128,0.226,0.004,1.0,0.084,0.1099301077740995,0.326,0.3105438302544251,0.0,0.029971811002728138,0.47099370184794886,0.8317247075494872,1.0
mistral_7b,Mistral-7B,mmlu_pro,cctp_tube_strict,correct_pressure,500,-0.08087086303764465,0.008,0.009874439083084156,0.66324,0.84,0.5075000000000001,0.94,0.33676,0.176,0.196,0.25,0.01,1.0,0.084,0.08757617229533902,0.326,0.3388341539009254,0.0,0.016339105873086516,0.41938283812926114,0.8463507948875576,1.0
mistral_7b,Mistral-7B,mmlu_pro,cctp_tube_strict,wrong_pressure,500,0.6592114301852703,0.756,0.749956732305999,0.6938200000000001,0.81,0.55,0.94,0.30618,0.11,0.122,0.19,0.014,1.0,0.084,0.10221481023018501,0.326,0.31349001581308367,0.0,0.015832107459853466,0.4437377242401536,0.8399257754929474,1.0
mistral_7b,Mistral-7B,mmlu_pro,fresh_context_deletion,correct_pressure,500,-0.003398636559116708,0.084,0.09074530212072882,,,,,,,,,,1.0,0.084,0.09074530212072882,0.326,0.3177529340772985,0.0,-3.0661036768352855e-19,0.40338259323253545,0.8437698901385688,1.0
mistral_7b,Mistral-7B,mmlu_pro,fresh_context_deletion,wrong_pressure,500,-0.003398636559116708,0.084,0.09074530212072882,,,,,,,,,,1.0,0.084,0.09074530212072882,0.326,0.3177529340772985,0.0,-3.0661036768352855e-19,0.40338259323253545,0.8437698901385688,1.0
mistral_7b,Mistral-7B,mmlu_pro,ordinary_reset,correct_pressure,500,-0.08087086303764465,0.008,0.009874439083084156,,,,,,,,,,0.198,0.008,0.009874439083084156,0.904,0.891977545043678,0.056,6.616893343685615,0.05804374279365521,0.9809664555931852,1.0
mistral_7b,Mistral-7B,mmlu_pro,ordinary_reset,wrong_pressure,500,0.6592114301852703,0.756,0.749956732305999,,,,,,,,,,0.12,0.756,0.749956732305999,0.09,0.09084874490613813,0.078,7.971005452461458,0.0805316768147511,0.9709155581073731,1.0
mistral_7b,Mistral-7B,truthfulqa_mc,cctp_geometric_prob_min_alpha,correct_pressure,500,-0.06325621509798764,0.038,0.04167547609990232,0.25745999999999997,0.0,0.0,0.6025,0.74254,0.606,0.64,0.714,0.0,1.0,0.102,0.10167180451752705,0.65,0.6590982855556249,0.0,0.015835420884672186,0.1112084768994993,0.9629931343713469,1.0
mistral_7b,Mistral-7B,truthfulqa_mc,cctp_geometric_prob_min_alpha,wrong_pressure,500,0.24702650875057913,0.368,0.3519581999484691,0.31762,0.27,0.0,0.58,0.6823800000000001,0.452,0.49,0.698,0.002,1.0,0.102,0.11255155252344924,0.65,0.642842407651888,0.0,0.0191675689104747,0.1374191484326162,0.9565911079494761,1.0
mistral_7b,Mistral-7B,truthfulqa_mc,cctp_kl_projection_tau_005,correct_pressure,500,-0.06325621509798764,0.038,0.04167547609990232,0.25206,0.0,0.0,0.6,0.74794,0.594,0.648,0.708,0.0,1.0,0.098,0.10066418785661901,0.658,0.6625278299864481,0.3,0.019406654053511423,0.1343366051171444,0.9531576167126766,1.0
mistral_7b,Mistral-7B,truthfulqa_mc,cctp_kl_projection_tau_005,wrong_pressure,500,0.24702650875057913,0.368,0.3519581999484691,0.30557999999999996,0.25,0.0,0.56,0.6944199999999999,0.442,0.504,0.712,0.0,1.0,0.104,0.11664192078709197,0.65,0.6398824123439033,0.46,0.026204137509559133,0.16877918020461533,0.9446560417773626,1.0
mistral_7b,Mistral-7B,truthfulqa_mc,cctp_kl_projection_tau_010,correct_pressure,500,-0.06325621509798764,0.038,0.04167547609990232,0.22862000000000002,0.0,0.0,0.52,0.77138,0.616,0.666,0.744,0.0,1.0,0.098,0.09762334835537936,0.662,0.6716859024044065,0.324,0.038035813510522036,0.1671414993776407,0.9407032043940325,1.0
mistral_7b,Mistral-7B,truthfulqa_mc,cctp_kl_projection_tau_010,wrong_pressure,500,0.24702650875057913,0.368,0.3519581999484691,0.27934000000000003,0.20500000000000002,0.0,0.51,0.72066,0.456,0.534,0.748,0.0,1.0,0.108,0.12655489150027688,0.646,0.6309441326305968,0.488,0.05120375282388285,0.22143095760112114,0.9253777369255597,1.0
mistral_7b,Mistral-7B,truthfulqa_mc,cctp_logit_linear_min_alpha,correct_pressure,500,-0.06325621509798764,0.038,0.04167547609990232,0.25745999999999997,0.0,0.0,0.6025,0.74254,0.606,0.64,0.714,0.0,1.0,0.102,0.10167180451752705,0.65,0.6590982855556249,0.0,0.015835420884672186,0.11120847689949931,0.9629931343713469,1.0
mistral_7b,Mistral-7B,truthfulqa_mc,cctp_logit_linear_min_alpha,wrong_pressure,500,0.24702650875057913,0.368,0.3519581999484691,0.31762,0.27,0.0,0.58,0.6823800000000001,0.452,0.49,0.698,0.002,1.0,0.102,0.11255155252344924,0.65,0.642842407651888,0.0,0.019167568910474705,0.1374191484326162,0.9565911079494761,1.0
mistral_7b,Mistral-7B,truthfulqa_mc,cctp_prob_linear_min_alpha,correct_pressure,500,-0.06325621509798764,0.038,0.04167547609990232,0.33362,0.0,0.0,0.95,0.6663800000000001,0.606,0.632,0.654,0.0,1.0,0.102,0.10128251142777844,0.65,0.6609543111287506,0.0,0.016143528183641537,0.11248977803599809,0.9620526479208916,1.0
mistral_7b,Mistral-7B,truthfulqa_mc,cctp_prob_linear_min_alpha,wrong_pressure,500,0.24702650875057913,0.368,0.3519581999484691,0.49789999999999995,0.74,0.0,0.97,0.5021000000000001,0.452,0.466,0.482,0.002,1.0,0.102,0.11438192026428852,0.65,0.6415709776722766,0.0,0.019476207039185824,0.13881125127347452,0.9561640424795362,1.0
mistral_7b,Mistral-7B,truthfulqa_mc,cctp_tube_loose,correct_pressure,500,-0.06325621509798764,0.038,0.04167547609990232,0.23852,0.0,0.0,0.5625,0.76148,0.616,0.66,0.722,0.0,1.0,0.102,0.10016374684954897,0.65,0.6638387059689825,0.302,0.026509440065123506,0.12383306093646027,0.9580739118775925,1.0
mistral_7b,Mistral-7B,truthfulqa_mc,cctp_tube_loose,wrong_pressure,500,0.24702650875057913,0.368,0.3519581999484691,0.29808000000000007,0.24,0.0,0.55,0.70192,0.454,0.512,0.722,0.002,1.0,0.102,0.11670762160999885,0.65,0.6398744968294748,0.466,0.03124860576393815,0.15934988858865257,0.9491511265738493,1.0
mistral_7b,Mistral-7B,truthfulqa_mc,cctp_tube_main,correct_pressure,500,-0.06325621509798764,0.038,0.04167547609990232,0.25745999999999997,0.0,0.0,0.6025,0.74254,0.606,0.64,0.714,0.0,1.0,0.102,0.10167180451752705,0.65,0.6590982855556249,0.0,0.015835420884672186,0.11120847689949931,0.9629931343713469,1.0
mistral_7b,Mistral-7B,truthfulqa_mc,cctp_tube_main,wrong_pressure,500,0.24702650875057913,0.368,0.3519581999484691,0.31762,0.27,0.0,0.58,0.6823800000000001,0.452,0.49,0.698,0.002,1.0,0.102,0.11255155252344924,0.65,0.642842407651888,0.0,0.019167568910474705,0.1374191484326162,0.9565911079494761,1.0
mistral_7b,Mistral-7B,truthfulqa_mc,cctp_tube_strict,correct_pressure,500,-0.06325621509798764,0.038,0.04167547609990232,0.27744,0.0,0.0,0.6525000000000001,0.72256,0.586,0.626,0.7,0.004,1.0,0.102,0.10274180531356672,0.65,0.655908247732477,0.0,0.008970457834046097,0.09938037655815901,0.965939835800429,1.0
mistral_7b,Mistral-7B,truthfulqa_mc,cctp_tube_strict,wrong_pressure,500,0.24702650875057913,0.368,0.3519581999484691,0.33882,0.3,0.0,0.6225,0.66118,0.442,0.474,0.66,0.004,1.0,0.102,0.10956701913322879,0.65,0.6455112612745761,0.0,0.010946715057605345,0.11692512325768575,0.961966687668021,1.0
mistral_7b,Mistral-7B,truthfulqa_mc,fresh_context_deletion,correct_pressure,500,0.0018090396519283222,0.102,0.10493169119788995,,,,,,,,,,1.0,0.102,0.10493169119788995,0.65,0.6497950458048972,0.0,0.0,0.07876597178247635,0.9675391874868995,1.0
mistral_7b,Mistral-7B,truthfulqa_mc,fresh_context_deletion,wrong_pressure,500,0.0018090396519283222,0.102,0.10493169119788995,,,,,,,,,,1.0,0.102,0.10493169119788995,0.65,0.6497950458048972,0.0,0.0,0.07876597178247635,0.9675391874868995,1.0
mistral_7b,Mistral-7B,truthfulqa_mc,ordinary_reset,correct_pressure,500,-0.06325621509798764,0.038,0.04167547609990232,,,,,,,,,,0.606,0.038,0.04167547609990232,0.844,0.8396447631149979,0.098,2.610106632375875,0.07846574419645101,0.9681201178376054,1.0
mistral_7b,Mistral-7B,truthfulqa_mc,ordinary_reset,wrong_pressure,500,0.24702650875057913,0.368,0.3519581999484691,,,,,,,,,,0.452,0.368,0.3519581999484691,0.432,0.43857751096053416,0.15,3.536138863322225,0.10183698053849993,0.9619382229935118,1.0
qwen25_14b,Qwen2.5-14B,mmlu_pro,cctp_geometric_prob_min_alpha,correct_pressure,500,-0.055256498992682895,0.028,0.028857610641311197,0.47191999999999995,0.555,0.0,0.91,0.52808,0.4,0.422,0.486,0.016,1.0,0.084,0.08021113540817598,0.456,0.47460295710087236,0.0,0.026837866648376476,0.22252521703094033,0.9190217669265704,1.0
qwen25_14b,Qwen2.5-14B,mmlu_pro,cctp_geometric_prob_min_alpha,wrong_pressure,500,0.272105977506551,0.358,0.35622008714054504,0.46782,0.56,0.0,0.9,0.5321800000000001,0.366,0.422,0.486,0.02,1.0,0.084,0.09331159282784598,0.456,0.4542403861966294,0.0,0.029944229207738746,0.22565733500814336,0.9195959436596832,1.0
qwen25_14b,Qwen2.5-14B,mmlu_pro,cctp_kl_projection_tau_005,correct_pressure,500,-0.055256498992682895,0.028,0.028857610641311197,0.48360000000000003,0.63,0.0,0.91,0.5164,0.394,0.414,0.468,0.0,1.0,0.08,0.07966611906700465,0.47,0.4801976836089507,0.312,0.026792321381010644,0.25183686730731175,0.9049272609742414,1.0
qwen25_14b,Qwen2.5-14B,mmlu_pro,cctp_kl_projection_tau_005,wrong_pressure,500,0.272105977506551,0.358,0.35622008714054504,0.47806,0.575,0.0,0.9,0.52194,0.352,0.414,0.478,0.0,1.0,0.088,0.09616336298665183,0.46,0.4537500061654868,0.32,0.028773026307620048,0.2534352924172692,0.905814066796673,1.0
qwen25_14b,Qwen2.5-14B,mmlu_pro,cctp_kl_projection_tau_010,correct_pressure,500,-0.055256498992682895,0.028,0.028857610641311197,0.45391999999999993,0.535,0.0,0.88,0.5460799999999999,0.406,0.432,0.49,0.0,1.0,0.08,0.0764507887222824,0.47,0.49498094437128765,0.374,0.05418538366018848,0.28158658862895686,0.8925898738210397,1.0
qwen25_14b,Qwen2.5-14B,mmlu_pro,cctp_kl_projection_tau_010,wrong_pressure,500,0.272105977506551,0.358,0.35622008714054504,0.44536000000000003,0.495,0.0,0.86,0.55464,0.378,0.434,0.5,0.0,1.0,0.09,0.10499955225569861,0.452,0.44979328940155855,0.392,0.057319898838880605,0.28609263383142625,0.8929960641191635,1.0
qwen25_14b,Qwen2.5-14B,mmlu_pro,cctp_logit_linear_min_alpha,correct_pressure,500,-0.055256498992682895,0.028,0.028857610641311197,0.47644,0.555,0.0,0.91,0.5235599999999999,0.4,0.422,0.484,0.02,1.0,0.084,0.08024270626280114,0.456,0.47428095718263147,0.0,0.0270524631874837,0.2208900564036998,0.9197622700997615,1.0
qwen25_14b,Qwen2.5-14B,mmlu_pro,cctp_logit_linear_min_alpha,wrong_pressure,500,0.272105977506551,0.358,0.35622008714054504,0.4713,0.56,0.0,0.9,0.5287000000000001,0.366,0.422,0.486,0.024,1.0,0.084,0.09329069658854004,0.456,0.4542983281388075,0.0,0.02995837265282507,0.2243262052431785,0.9200631447594123,1.0
qwen25_14b,Qwen2.5-14B,mmlu_pro,cctp_prob_linear_min_alpha,correct_pressure,500,-0.055256498992682895,0.028,0.028857610641311197,0.47176,0.4,0.0,0.96,0.52824,0.4,0.484,0.522,0.008,1.0,0.084,0.08040208780748032,0.456,0.4799622364744006,0.0,0.026168596689645697,0.23759684259276845,0.9141385524240534,1.0
qwen25_14b,Qwen2.5-14B,mmlu_pro,cctp_prob_linear_min_alpha,wrong_pressure,500,0.272105977506551,0.358,0.35622008714054504,0.49894,0.5700000000000001,0.0,0.96,0.5010600000000001,0.366,0.452,0.488,0.008,1.0,0.084,0.09845736471310862,0.456,0.45270206210745667,0.0,0.028282174395123615,0.24181901259351563,0.9144236200351197,1.0
qwen25_14b,Qwen2.5-14B,mmlu_pro,cctp_tube_loose,correct_pressure,500,-0.055256498992682895,0.028,0.028857610641311197,0.44764,0.445,0.0,0.88,0.55236,0.414,0.448,0.51,0.014,1.0,0.084,0.07855011259079472,0.456,0.48355871021203617,0.314,0.0503108776331802,0.23387763092398592,0.9134537779142475,1.0
qwen25_14b,Qwen2.5-14B,mmlu_pro,cctp_tube_loose,wrong_pressure,500,0.272105977506551,0.358,0.35622008714054504,0.44110000000000005,0.47,0.0,0.8625,0.5589,0.388,0.442,0.514,0.014,1.0,0.084,0.09925508907544005,0.456,0.4522388448571127,0.354,0.05498027591722516,0.2394791917809076,0.9132606923603345,1.0
qwen25_14b,Qwen2.5-14B,mmlu_pro,cctp_tube_main,correct_pressure,500,-0.055256498992682895,0.028,0.028857610641311197,0.47644,0.555,0.0,0.91,0.5235599999999999,0.4,0.422,0.484,0.02,1.0,0.084,0.08024270626280114,0.456,0.47428095718263147,0.0,0.0270524631874837,0.2208900564036998,0.9197622700997615,1.0
qwen25_14b,Qwen2.5-14B,mmlu_pro,cctp_tube_main,wrong_pressure,500,0.272105977506551,0.358,0.35622008714054504,0.4713,0.56,0.0,0.9,0.5287000000000001,0.366,0.422,0.486,0.024,1.0,0.084,0.09329069658854004,0.456,0.4542983281388075,0.0,0.02995837265282507,0.2243262052431785,0.9200631447594123,1.0
qwen25_14b,Qwen2.5-14B,mmlu_pro,cctp_tube_strict,correct_pressure,500,-0.055256498992682895,0.028,0.028857610641311197,0.50388,0.655,0.0,0.94,0.49612,0.388,0.406,0.46,0.052,1.0,0.084,0.081609557611628,0.456,0.4683078928049173,0.0,0.01407424922376407,0.2112368044122744,0.922539194781055,1.0
qwen25_14b,Qwen2.5-14B,mmlu_pro,cctp_tube_strict,wrong_pressure,500,0.272105977506551,0.358,0.35622008714054504,0.50006,0.615,0.0,0.93,0.49994,0.348,0.4,0.46,0.048,1.0,0.084,0.08962158328726105,0.456,0.45587525780800275,0.0,0.015997075632998077,0.21314087767816553,0.923027163231579,1.0
qwen25_14b,Qwen2.5-14B,mmlu_pro,fresh_context_deletion,correct_pressure,500,-0.00115087055425749,0.084,0.08411410963399409,,,,,,,,,,1.0,0.084,0.08411410963399409,0.456,0.45798619583290384,0.0,0.0,0.2075948908700779,0.9175657102947384,1.0
qwen25_14b,Qwen2.5-14B,mmlu_pro,fresh_context_deletion,wrong_pressure,500,-0.00115087055425749,0.084,0.08411410963399409,,,,,,,,,,1.0,0.084,0.08411410963399409,0.456,0.45798619583290384,0.0,0.0,0.2075948908700779,0.9175657102947384,1.0
qwen25_14b,Qwen2.5-14B,mmlu_pro,ordinary_reset,correct_pressure,500,-0.055256498992682895,0.028,0.028857610641311197,,,,,,,,,,0.4,0.028,0.028857610641311197,0.804,0.8005800891873932,0.048,7.9374187830396,0.037961243923534636,0.9841514544887219,1.0
qwen25_14b,Qwen2.5-14B,mmlu_pro,ordinary_reset,wrong_pressure,500,0.272105977506551,0.358,0.35622008714054504,,,,,,,,,,0.366,0.358,0.35622008714054504,0.36,0.359490379972621,0.094,7.6785302507911695,0.061084775293304375,0.9755509152198181,1.0
qwen25_14b,Qwen2.5-14B,truthfulqa_mc,cctp_geometric_prob_min_alpha,correct_pressure,500,-0.025746130677744915,0.052,0.050259500991456874,0.18474000000000002,0.0,0.0,0.0,0.81526,0.752,0.772,0.798,0.008,1.0,0.078,0.0754828911989319,0.762,0.7671487762395642,0.0,0.011724606204866884,0.06394263159050116,0.9777994513293865,1.0
qwen25_14b,Qwen2.5-14B,truthfulqa_mc,cctp_geometric_prob_min_alpha,wrong_pressure,500,0.036697673019392966,0.114,0.11270330468859475,0.19627999999999998,0.0,0.0,0.11,0.80372,0.742,0.754,0.782,0.008,1.0,0.078,0.07751241526801099,0.762,0.7626861816485945,0.0,0.011427025056246279,0.065370469953348,0.9773345710136262,1.0
qwen25_14b,Qwen2.5-14B,truthfulqa_mc,cctp_kl_projection_tau_005,correct_pressure,500,-0.025746130677744915,0.052,0.050259500991456874,0.19206,0.0,0.0,0.0975,0.8079400000000001,0.744,0.762,0.79,0.0,1.0,0.076,0.07457175511514817,0.768,0.7688528432152746,0.144,0.011893388751449994,0.07599132424097112,0.9716346794195837,1.0
qwen25_14b,Qwen2.5-14B,truthfulqa_mc,cctp_kl_projection_tau_005,wrong_pressure,500,0.036697673019392966,0.114,0.11270330468859475,0.2048,0.0,0.0,0.37,0.7952,0.73,0.736,0.774,0.0,1.0,0.078,0.07764653789226147,0.764,0.7620757174318638,0.154,0.012016558685595227,0.07850739728592325,0.9704102531883311,1.0
qwen25_14b,Qwen2.5-14B,truthfulqa_mc,cctp_kl_projection_tau_010,correct_pressure,500,-0.025746130677744915,0.052,0.050259500991456874,0.17736000000000002,0.0,0.0,0.0,0.8226400000000001,0.756,0.774,0.802,0.0,1.0,0.078,0.0738293602337932,0.766,0.7710895104483386,0.168,0.02305176639090966,0.08922907042726806,0.9658684001945962,1.0
qwen25_14b,Qwen2.5-14B,truthfulqa_mc,cctp_kl_projection_tau_010,wrong_pressure,500,0.036697673019392966,0.114,0.11270330468859475,0.18919999999999998,0.0,0.0,0.24,0.8108,0.742,0.752,0.786,0.0,1.0,0.078,0.07905279323484295,0.766,0.7611006415340416,0.182,0.023818592586135067,0.09473358311333589,0.9631434976135889,1.0
qwen25_14b,Qwen2.5-14B,truthfulqa_mc,cctp_logit_linear_min_alpha,correct_pressure,500,-0.025746130677744915,0.052,0.050259500991456874,0.18656,0.0,0.0,0.0,0.81344,0.752,0.77,0.798,0.01,1.0,0.078,0.07560959538495521,0.762,0.7671625956838234,0.0,0.011828505407748508,0.06371883543633004,0.9779941756109317,1.0
qwen25_14b,Qwen2.5-14B,truthfulqa_mc,cctp_logit_linear_min_alpha,wrong_pressure,500,0.036697673019392966,0.114,0.11270330468859475,0.19816000000000003,0.0,0.0,0.275,0.80184,0.742,0.748,0.784,0.008,1.0,0.078,0.0775236500740833,0.762,0.7627503215426392,0.0,0.011596740450538025,0.06555911697220353,0.9773150050108125,1.0
qwen25_14b,Qwen2.5-14B,truthfulqa_mc,cctp_prob_linear_min_alpha,correct_pressure,500,-0.025746130677744915,0.052,0.050259500991456874,0.18966,0.0,0.0,0.0,0.8103400000000001,0.752,0.79,0.81,0.0,1.0,0.078,0.07549061467280717,0.762,0.7674669820674321,0.0,0.01111217672711299,0.066592149956643,0.9771950601632994,1.0
qwen25_14b,Qwen2.5-14B,truthfulqa_mc,cctp_prob_linear_min_alpha,wrong_pressure,500,0.036697673019392966,0.114,0.11270330468859475,0.20421999999999996,0.0,0.0,0.01,0.7957799999999999,0.742,0.78,0.794,0.0,1.0,0.078,0.07799828088427323,0.762,0.7630609557862656,0.0,0.010952457277802575,0.07014870677737108,0.9758012496048664,1.0
qwen25_14b,Qwen2.5-14B,truthfulqa_mc,cctp_tube_loose,correct_pressure,500,-0.025746130677744915,0.052,0.050259500991456874,0.17474,0.0,0.0,0.0,0.82526,0.762,0.782,0.806,0.002,1.0,0.078,0.07533195289366479,0.762,0.7684033650761306,0.146,0.020174751621881065,0.0695917905756708,0.9750844749431358,1.0
qwen25_14b,Qwen2.5-14B,truthfulqa_mc,cctp_tube_loose,wrong_pressure,500,0.036697673019392966,0.114,0.11270330468859475,0.18624000000000002,0.0,0.0,0.0,0.81376,0.752,0.76,0.788,0.0,1.0,0.078,0.07828311097864114,0.762,0.7616705458261622,0.144,0.020295695515416066,0.0730745942216942,0.9736911704667247,1.0
qwen25_14b,Qwen2.5-14B,truthfulqa_mc,cctp_tube_main,correct_pressure,500,-0.025746130677744915,0.052,0.050259500991456874,0.18656,0.0,0.0,0.0,0.81344,0.752,0.77,0.798,0.01,1.0,0.078,0.07560959538495521,0.762,0.7671625956838234,0.0,0.011828505407748508,0.06371883543633004,0.9779941756109317,1.0
qwen25_14b,Qwen2.5-14B,truthfulqa_mc,cctp_tube_main,wrong_pressure,500,0.036697673019392966,0.114,0.11270330468859475,0.19816000000000003,0.0,0.0,0.275,0.80184,0.742,0.748,0.784,0.008,1.0,0.078,0.0775236500740833,0.762,0.7627503215426392,0.0,0.011596740450538025,0.06555911697220353,0.9773150050108125,1.0
qwen25_14b,Qwen2.5-14B,truthfulqa_mc,cctp_tube_strict,correct_pressure,500,-0.025746130677744915,0.052,0.050259500991456874,0.19978,0.0,0.0,0.15,0.80022,0.742,0.758,0.784,0.024,1.0,0.078,0.07586038230039754,0.762,0.7659734944193756,0.0,0.00635063828612484,0.05873443088018307,0.9795183873264275,1.0
qwen25_14b,Qwen2.5-14B,truthfulqa_mc,cctp_tube_strict,wrong_pressure,500,0.036697673019392966,0.114,0.11270330468859475,0.21231999999999998,0.0,0.0,0.4025,0.78768,0.73,0.734,0.77,0.026,1.0,0.078,0.077014428395832,0.762,0.7631908043311327,0.0,0.006348973719404774,0.05950492987658481,0.9791802893750764,1.0
qwen25_14b,Qwen2.5-14B,truthfulqa_mc,fresh_context_deletion,correct_pressure,500,-0.0011488520047051678,0.078,0.0760056316692018,,,,,,,,,,1.0,0.078,0.0760056316692018,0.762,0.7638977684016972,0.0,0.0,0.054430648920848854,0.9786185337915968,1.0
qwen25_14b,Qwen2.5-14B,truthfulqa_mc,fresh_context_deletion,wrong_pressure,500,-0.0011488520047051678,0.078,0.0760056316692018,,,,,,,,,,1.0,0.078,0.0760056316692018,0.762,0.7638977684016972,0.0,0.0,0.054430648920848854,0.9786185337915968,1.0
qwen25_14b,Qwen2.5-14B,truthfulqa_mc,ordinary_reset,correct_pressure,500,-0.025746130677744915,0.052,0.050259500991456874,,,,,,,,,,0.752,0.052,0.050259500991456874,0.818,0.8209907435470776,0.028,2.9694819096862592,0.017742457177770243,0.9926698742127262,1.0
qwen25_14b,Qwen2.5-14B,truthfulqa_mc,ordinary_reset,wrong_pressure,500,0.036697673019392966,0.114,0.11270330468859475,,,,,,,,,,0.742,0.114,0.11270330468859475,0.738,0.7371876105987033,0.016,3.5705065788814108,0.014697125509279506,0.9943077718682377,1.0
qwen25_15b,Qwen2.5-1.5B,mmlu_pro,cctp_geometric_prob_min_alpha,correct_pressure,500,-0.06854714872797657,0.02,0.023677715176241412,0.6784600000000001,0.83,0.6,0.91,0.32154000000000005,0.164,0.182,0.224,0.018,1.0,0.082,0.08776999345292984,0.278,0.3112016881294081,0.0,0.033201686758646515,0.6963021028377452,0.7541142705224663,1.0
qwen25_15b,Qwen2.5-1.5B,mmlu_pro,cctp_geometric_prob_min_alpha,wrong_pressure,500,0.6262030242514386,0.746,0.7184278881556565,0.71842,0.84,0.6775,0.92,0.28158,0.106,0.13,0.166,0.018,1.0,0.082,0.11813686288968943,0.278,0.26785756170021263,0.0,0.027961039294395126,0.7380927639138615,0.7402114491181518,1.0
qwen25_15b,Qwen2.5-1.5B,mmlu_pro,cctp_kl_projection_tau_005,correct_pressure,500,-0.06854714872797657,0.02,0.023677715176241412,0.6591199999999999,0.795,0.62,0.87,0.34088,0.148,0.178,0.204,0.0,1.0,0.082,0.08753178333053556,0.332,0.32093018596201767,0.446,0.04083757679348801,0.7650480118810022,0.7288616078261412,1.0
qwen25_15b,Qwen2.5-1.5B,mmlu_pro,cctp_kl_projection_tau_005,wrong_pressure,500,0.6262030242514386,0.746,0.7184278881556565,0.68056,0.79,0.63,0.87,0.31944000000000006,0.106,0.12,0.178,0.0,1.0,0.114,0.13113670512003434,0.28,0.26191836743460245,0.558,0.042692389435381915,0.8132383546059527,0.7120474947432832,1.0
qwen25_15b,Qwen2.5-1.5B,mmlu_pro,cctp_kl_projection_tau_010,correct_pressure,500,-0.06854714872797657,0.02,0.023677715176241412,0.60016,0.73,0.52,0.82,0.39984000000000003,0.168,0.196,0.242,0.0,1.0,0.084,0.08464145029717425,0.358,0.34711808267913397,0.494,0.08085944117629992,0.8024720356869786,0.7163235417569597,1.0
qwen25_15b,Qwen2.5-1.5B,mmlu_pro,cctp_kl_projection_tau_010,wrong_pressure,500,0.6262030242514386,0.746,0.7184278881556565,0.6220800000000001,0.72,0.55,0.82,0.37792000000000003,0.118,0.146,0.224,0.0,1.0,0.138,0.15665733393193057,0.278,0.25325705751081107,0.636,0.08500758243473353,0.8727094649804792,0.6896718067182337,1.0
qwen25_15b,Qwen2.5-1.5B,mmlu_pro,cctp_logit_linear_min_alpha,correct_pressure,500,-0.06854714872797657,0.02,0.023677715176241412,0.67844,0.83,0.6,0.91,0.32156,0.164,0.182,0.224,0.018,1.0,0.082,0.08777046757574464,0.278,0.31119983326732586,0.0,0.03321154897419731,0.6962965787493668,0.7541112294297543,1.0
qwen25_15b,Qwen2.5-1.5B,mmlu_pro,cctp_logit_linear_min_alpha,wrong_pressure,500,0.6262030242514386,0.746,0.7184278881556565,0.7183999999999999,0.84,0.6775,0.92,0.2816,0.106,0.132,0.166,0.018,1.0,0.082,0.11813795837099694,0.278,0.26785743169229737,0.0,0.027964721961889514,0.7380931607004191,0.740210101359275,1.0
qwen25_15b,Qwen2.5-1.5B,mmlu_pro,cctp_prob_linear_min_alpha,correct_pressure,500,-0.06854714872797657,0.02,0.023677715176241412,0.6789,0.91,0.36,0.96,0.3211,0.164,0.224,0.288,0.018,1.0,0.082,0.08614950448684339,0.278,0.32632996616159066,0.0,0.041176882341194466,0.7025149086438811,0.7522261719252451,1.0
qwen25_15b,Qwen2.5-1.5B,mmlu_pro,cctp_prob_linear_min_alpha,wrong_pressure,500,0.6262030242514386,0.746,0.7184278881556565,0.77838,0.94,0.87,0.96,0.22162,0.106,0.134,0.186,0.018,1.0,0.082,0.1353983707995573,0.278,0.26616703278116743,0.0,0.03656825447608986,0.7445877509907022,0.7375114012045778,1.0
qwen25_15b,Qwen2.5-1.5B,mmlu_pro,cctp_tube_loose,correct_pressure,500,-0.06854714872797657,0.02,0.023677715176241412,0.6254400000000001,0.78,0.4875,0.87,0.37456,0.184,0.208,0.262,0.018,1.0,0.082,0.08598524386046119,0.278,0.32827112109092976,0.456,0.06337084503016642,0.7069882592441952,0.7456307360467226,1.0
qwen25_15b,Qwen2.5-1.5B,mmlu_pro,cctp_tube_loose,wrong_pressure,500,0.6262030242514386,0.746,0.7184278881556565,0.67196,0.78,0.6,0.88,0.32804,0.124,0.142,0.202,0.018,1.0,0.082,0.1337284767888284,0.278,0.2635929095334603,0.592,0.053864454422997414,0.7649040126516061,0.7255151149593759,1.0
qwen25_15b,Qwen2.5-1.5B,mmlu_pro,cctp_tube_main,correct_pressure,500,-0.06854714872797657,0.02,0.023677715176241412,0.67844,0.83,0.6,0.91,0.32156,0.164,0.182,0.224,0.018,1.0,0.082,0.08777046757574464,0.278,0.31119983326732586,0.0,0.03321154897419731,0.6962965787493668,0.7541112294297543,1.0
qwen25_15b,Qwen2.5-1.5B,mmlu_pro,cctp_tube_main,wrong_pressure,500,0.6262030242514386,0.746,0.7184278881556565,0.7183999999999999,0.84,0.6775,0.92,0.2816,0.106,0.132,0.166,0.018,1.0,0.082,0.11813795837099694,0.278,0.26785743169229737,0.0,0.027964721961889514,0.7380931607004191,0.740210101359275,1.0
qwen25_15b,Qwen2.5-1.5B,mmlu_pro,cctp_tube_strict,correct_pressure,500,-0.06854714872797657,0.02,0.023677715176241412,0.7253999999999999,0.88,0.6875,0.94,0.27459999999999996,0.142,0.164,0.196,0.02,1.0,0.082,0.08915353068634874,0.278,0.299450648682316,0.0,0.01701133589859714,0.6864894641696453,0.7578665711605233,1.0
qwen25_15b,Qwen2.5-1.5B,mmlu_pro,cctp_tube_strict,wrong_pressure,500,0.6262030242514386,0.746,0.7184278881556565,0.7631600000000001,0.89,0.75,0.95,0.23683999999999997,0.094,0.11,0.15,0.018,1.0,0.082,0.10881510745079427,0.278,0.27062596495081204,0.0,0.014128549038882528,0.7150506065622796,0.7482100481353084,1.0
qwen25_15b,Qwen2.5-1.5B,mmlu_pro,fresh_context_deletion,correct_pressure,500,0.0024706326911495854,0.082,0.09222486390421798,,,,,,,,,,1.0,0.082,0.09222486390421798,0.278,0.2744864559344435,0.0,7.316894677711662e-19,0.6824651601460217,0.7532557468656642,1.0
qwen25_15b,Qwen2.5-1.5B,mmlu_pro,fresh_context_deletion,wrong_pressure,500,0.0024706326911495854,0.082,0.09222486390421798,,,,,,,,,,1.0,0.082,0.09222486390421798,0.278,0.2744864559344435,0.0,7.316894677711662e-19,0.6824651601460217,0.7532557468656642,1.0
qwen25_15b,Qwen2.5-1.5B,mmlu_pro,ordinary_reset,correct_pressure,500,-0.06854714872797657,0.02,0.023677715176241412,,,,,,,,,,0.164,0.02,0.023677715176241412,0.848,0.8289204175942171,0.07,3.929454120260722,0.1675773263310424,0.951578503563234,1.0
qwen25_15b,Qwen2.5-1.5B,mmlu_pro,ordinary_reset,wrong_pressure,500,0.6262030242514386,0.746,0.7184278881556565,,,,,,,,,,0.106,0.746,0.7184278881556565,0.094,0.0978464312758756,0.108,4.5747197491883345,0.20086966862182645,0.9377574926890886,1.0
qwen25_15b,Qwen2.5-1.5B,mmlu_pro,relabel_shuffle,wrong_pressure,100,0.008958000078138913,0.1,0.10621102142861412,,,,,,,,,,0.14,0.1,0.10621102142861412,0.29,0.29244434949374015,0.39,2.42803848010689,0.7656601924063497,0.72090359741384,1.0
qwen25_15b,Qwen2.5-1.5B,truthfulqa_mc,cctp_geometric_prob_min_alpha,correct_pressure,500,-0.04485723094953076,0.124,0.11985248701498298,0.38351999999999997,0.21,0.0,0.81,0.6164799999999999,0.468,0.508,0.564,0.006,1.0,0.162,0.16081438195920839,0.48,0.48907718198621075,0.0,0.026336323647149704,0.2256429900818641,0.9195985415171269,1.0
qwen25_15b,Qwen2.5-1.5B,truthfulqa_mc,cctp_geometric_prob_min_alpha,wrong_pressure,500,0.4312680891138681,0.596,0.5959778070783819,0.52728,0.63,0.0675,0.84,0.47272,0.244,0.29,0.376,0.006,1.0,0.162,0.18163668558304938,0.48,0.46381548952616525,0.0,0.0280906250849451,0.27882099756607526,0.9056373691323804,1.0
qwen25_15b,Qwen2.5-1.5B,truthfulqa_mc,cctp_kl_projection_tau_005,correct_pressure,500,-0.04485723094953076,0.124,0.11985248701498298,0.3858,0.32,0.0,0.79,0.6142000000000001,0.452,0.488,0.552,0.0,1.0,0.16,0.1595085276933492,0.492,0.49396827018357864,0.3,0.028091169043645968,0.26136703188087507,0.9041344009222828,1.0
qwen25_15b,Qwen2.5-1.5B,truthfulqa_mc,cctp_kl_projection_tau_005,wrong_pressure,500,0.4312680891138681,0.596,0.5959778070783819,0.51274,0.61,0.2275,0.79,0.48725999999999997,0.224,0.254,0.394,0.0,1.0,0.168,0.19136855543674727,0.484,0.45677291307070506,0.572,0.03788753379661799,0.33379415852764943,0.8843096376101239,1.0
qwen25_15b,Qwen2.5-1.5B,truthfulqa_mc,cctp_kl_projection_tau_010,correct_pressure,500,-0.04485723094953076,0.124,0.11985248701498298,0.33476,0.07,0.0,0.71,0.66524,0.492,0.536,0.596,0.0,1.0,0.158,0.15694889980411192,0.504,0.5020378738011716,0.324,0.05381638531195759,0.2840121568475861,0.8945537749787853,1.0
qwen25_15b,Qwen2.5-1.5B,truthfulqa_mc,cctp_kl_projection_tau_010,wrong_pressure,500,0.4312680891138681,0.596,0.5959778070783819,0.45672,0.54,0.0,0.73,0.5432800000000001,0.258,0.31,0.454,0.0,1.0,0.17,0.21050685054986798,0.488,0.44129887213706803,0.604,0.07373629106428131,0.39693271740159675,0.8605146011505366,1.0
qwen25_15b,Qwen2.5-1.5B,truthfulqa_mc,cctp_logit_linear_min_alpha,correct_pressure,500,-0.04485723094953076,0.124,0.11985248701498298,0.38351999999999997,0.21,0.0,0.81,0.6164799999999999,0.468,0.508,0.564,0.006,1.0,0.162,0.16081438194785438,0.48,0.48907718196041744,0.0,0.026336323593078945,0.22564298990038656,0.9195985415583154,1.0
qwen25_15b,Qwen2.5-1.5B,truthfulqa_mc,cctp_logit_linear_min_alpha,wrong_pressure,500,0.4312680891138681,0.596,0.5959778070783819,0.52728,0.63,0.0675,0.84,0.47272,0.244,0.29,0.376,0.006,1.0,0.162,0.18163668556445034,0.48,0.4638154895374488,0.0,0.02809062503453351,0.27882099732227095,0.9056373692848968,1.0
qwen25_15b,Qwen2.5-1.5B,truthfulqa_mc,cctp_prob_linear_min_alpha,correct_pressure,500,-0.04485723094953076,0.124,0.11985248701498298,0.3883,0.055,0.0,0.94,0.6117,0.468,0.548,0.606,0.006,1.0,0.162,0.16066575100165992,0.48,0.4911746034032515,0.0,0.026978656632421015,0.22901861979751084,0.9181322601098324,1.0
qwen25_15b,Qwen2.5-1.5B,truthfulqa_mc,cctp_prob_linear_min_alpha,wrong_pressure,500,0.4312680891138681,0.596,0.5959778070783819,0.64662,0.95,0.0175,0.97,0.35337999999999997,0.244,0.296,0.332,0.006,1.0,0.162,0.18731465138769254,0.48,0.4638969458032059,0.0,0.03009734344322467,0.2836081471810206,0.9035496808515511,1.0
qwen25_15b,Qwen2.5-1.5B,truthfulqa_mc,cctp_tube_loose,correct_pressure,500,-0.04485723094953076,0.124,0.11985248701498298,0.33896,0.0,0.0,0.75,0.66104,0.502,0.55,0.62,0.006,1.0,0.162,0.1594865774131093,0.48,0.49357961489637137,0.29,0.046114233422240886,0.23501127144718198,0.9138556349139251,1.0
qwen25_15b,Qwen2.5-1.5B,truthfulqa_mc,cctp_tube_loose,wrong_pressure,500,0.4312680891138681,0.596,0.5959778070783819,0.48596000000000006,0.58,0.0,0.79,0.5140399999999999,0.274,0.308,0.43,0.006,1.0,0.162,0.19020017398437933,0.48,0.457236301533785,0.574,0.0472188756030701,0.306494738370738,0.8944245582658686,1.0
qwen25_15b,Qwen2.5-1.5B,truthfulqa_mc,cctp_tube_main,correct_pressure,500,-0.04485723094953076,0.124,0.11985248701498298,0.38351999999999997,0.21,0.0,0.81,0.6164799999999999,0.468,0.508,0.564,0.006,1.0,0.162,0.16081438194785438,0.48,0.48907718196041744,0.0,0.026336323593078945,0.22564298990038656,0.9195985415583154,1.0
qwen25_15b,Qwen2.5-1.5B,truthfulqa_mc,cctp_tube_main,wrong_pressure,500,0.4312680891138681,0.596,0.5959778070783819,0.52728,0.63,0.0675,0.84,0.47272,0.244,0.29,0.376,0.006,1.0,0.162,0.18163668556445034,0.48,0.4638154895374488,0.0,0.02809062503453351,0.27882099732227095,0.9056373692848968,1.0
qwen25_15b,Qwen2.5-1.5B,truthfulqa_mc,cctp_tube_strict,correct_pressure,500,-0.04485723094953076,0.124,0.11985248701498298,0.43028,0.4,0.0,0.87,0.56972,0.428,0.466,0.52,0.008,1.0,0.162,0.1618601457984107,0.48,0.486090717334816,0.0,0.014330868284603969,0.2190999968451733,0.9217661831695124,1.0
qwen25_15b,Qwen2.5-1.5B,truthfulqa_mc,cctp_tube_strict,wrong_pressure,500,0.4312680891138681,0.596,0.5959778070783819,0.5743199999999999,0.685,0.27,0.88,0.42568,0.214,0.242,0.344,0.006,1.0,0.162,0.17549950243058124,0.48,0.4691050637274515,0.0,0.015505964244762395,0.25499523482858866,0.9124847992069335,1.0
qwen25_15b,Qwen2.5-1.5B,truthfulqa_mc,fresh_context_deletion,correct_pressure,500,-0.00803395057008411,0.162,0.16470971796451375,,,,,,,,,,1.0,0.162,0.16470971796451375,0.48,0.4788216608800248,0.0,8.282987584738193e-19,0.22006861337296346,0.9164155664497319,1.0
qwen25_15b,Qwen2.5-1.5B,truthfulqa_mc,fresh_context_deletion,wrong_pressure,500,-0.00803395057008411,0.162,0.16470971796451375,,,,,,,,,,1.0,0.162,0.16470971796451375,0.48,0.4788216608800248,0.0,8.282987584738193e-19,0.22006861337296346,0.9164155664497319,1.0
qwen25_15b,Qwen2.5-1.5B,truthfulqa_mc,ordinary_reset,correct_pressure,500,-0.04485723094953076,0.124,0.11985248701498298,,,,,,,,,,0.468,0.124,0.11985248701498298,0.628,0.6300417785472956,0.108,1.9487734149030358,0.11090447594575333,0.9600687610834059,1.0
qwen25_15b,Qwen2.5-1.5B,truthfulqa_mc,ordinary_reset,wrong_pressure,500,0.4312680891138681,0.596,0.5959778070783819,,,,,,,,,,0.244,0.596,0.5959778070783819,0.17,0.16945526817932577,0.166,3.901543455710753,0.13929967472488006,0.9490984941405815,1.0
qwen25_15b,Qwen2.5-1.5B,truthfulqa_mc,relabel_shuffle,wrong_pressure,100,0.04188264457664448,0.17,0.18233298970338827,,,,,,,,,,0.46,0.17,0.18233298970338827,0.52,0.5069267573503111,0.24,1.1575500251320305,0.2235960508811131,0.9198773270063644,1.0
qwen25_7b,Qwen2.5-7B,mmlu_pro,cctp_geometric_prob_min_alpha,correct_pressure,500,-0.04618541470771438,0.034,0.03442010496237903,0.5255599999999999,0.71,0.0,0.92,0.47444,0.356,0.376,0.402,0.014,1.0,0.084,0.07748419156449154,0.424,0.4459284747301049,0.0,0.0335537603855369,0.2966444457643427,0.8887833658957165,1.0
qwen25_7b,Qwen2.5-7B,mmlu_pro,cctp_geometric_prob_min_alpha,wrong_pressure,500,0.2619431091152095,0.344,0.3425486287853029,0.5500400000000001,0.725,0.0,0.92,0.44995999999999997,0.306,0.322,0.372,0.014,1.0,0.084,0.09078274113430843,0.424,0.4222028336661342,0.0,0.03273340386827894,0.31249001226429823,0.8860277772022548,1.0
qwen25_7b,Qwen2.5-7B,mmlu_pro,cctp_kl_projection_tau_005,correct_pressure,500,-0.04618541470771438,0.034,0.03442010496237903,0.5388799999999999,0.76,0.0,0.92,0.46112000000000003,0.334,0.35,0.394,0.0,1.0,0.078,0.07561763042319566,0.444,0.4514693770655431,0.264,0.03105602299505343,0.32856037893587975,0.873359313002628,1.0
qwen25_7b,Qwen2.5-7B,mmlu_pro,cctp_kl_projection_tau_005,wrong_pressure,500,0.2619431091152095,0.344,0.3425486287853029,0.5575999999999999,0.75,0.0,0.91,0.4424,0.294,0.308,0.362,0.0,1.0,0.086,0.09316190044177881,0.428,0.42017573435656985,0.314,0.032321819858552585,0.3462885107830885,0.8693490025621163,1.0
qwen25_7b,Qwen2.5-7B,mmlu_pro,cctp_kl_projection_tau_010,correct_pressure,500,-0.04618541470771438,0.034,0.03442010496237903,0.5009800000000001,0.69,0.0,0.89,0.49901999999999996,0.36,0.382,0.412,0.0,1.0,0.078,0.07294573627976438,0.454,0.46598392722297793,0.314,0.06114850235410182,0.3472511361779975,0.8658473170554168,1.0
qwen25_7b,Qwen2.5-7B,mmlu_pro,cctp_kl_projection_tau_010,wrong_pressure,500,0.2619431091152095,0.344,0.3425486287853029,0.5194,0.675,0.0,0.87,0.48059999999999997,0.31,0.328,0.396,0.0,1.0,0.09,0.10225441485773791,0.43,0.41582903458608267,0.396,0.06490041058212834,0.3768071403007676,0.858450505555861,1.0
qwen25_7b,Qwen2.5-7B,mmlu_pro,cctp_logit_linear_min_alpha,correct_pressure,500,-0.04618541470771438,0.034,0.03442010496237903,0.5255799999999999,0.71,0.0,0.92,0.47442,0.356,0.376,0.402,0.014,1.0,0.084,0.07748434651452477,0.424,0.4459294121304314,0.0,0.03356481247660805,0.296634691818889,0.8887997133997224,1.0
qwen25_7b,Qwen2.5-7B,mmlu_pro,cctp_logit_linear_min_alpha,wrong_pressure,500,0.2619431091152095,0.344,0.3425486287853029,0.5500200000000001,0.725,0.0,0.92,0.44998,0.306,0.322,0.372,0.014,1.0,0.084,0.09078610891338748,0.424,0.42219902133604914,0.0,0.03276156151087152,0.3124756612832289,0.8860501947082473,1.0
qwen25_7b,Qwen2.5-7B,mmlu_pro,cctp_prob_linear_min_alpha,correct_pressure,500,-0.04618541470771438,0.034,0.03442010496237903,0.47702,0.43,0.0,0.95,0.52298,0.356,0.458,0.52,0.008,1.0,0.084,0.07825027644752484,0.424,0.44941727073080323,0.0,0.03236415756931751,0.3078356245924451,0.8838771293864891,1.0
qwen25_7b,Qwen2.5-7B,mmlu_pro,cctp_prob_linear_min_alpha,wrong_pressure,500,0.2619431091152095,0.344,0.3425486287853029,0.54372,0.92,0.0,0.96,0.45628,0.306,0.402,0.444,0.01,1.0,0.084,0.09500803362692815,0.424,0.4209729095432307,0.0,0.031705610939063066,0.3282501759479147,0.8799416111268206,1.0
qwen25_7b,Qwen2.5-7B,mmlu_pro,cctp_tube_loose,correct_pressure,500,-0.04618541470771438,0.034,0.03442010496237903,0.49119999999999997,0.64,0.0,0.89,0.5088,0.368,0.388,0.444,0.01,1.0,0.084,0.07588302185677287,0.424,0.45642381784043023,0.288,0.06285933925320597,0.30307305390912104,0.8823193918814576,1.0
qwen25_7b,Qwen2.5-7B,mmlu_pro,cctp_tube_loose,wrong_pressure,500,0.2619431091152095,0.344,0.3425486287853029,0.51302,0.65,0.0,0.88,0.48698,0.32,0.346,0.416,0.01,1.0,0.084,0.09726725065408764,0.424,0.419685594434276,0.356,0.06141699497502597,0.3242959925231698,0.8787521472794454,1.0
qwen25_7b,Qwen2.5-7B,mmlu_pro,cctp_tube_main,correct_pressure,500,-0.04618541470771438,0.034,0.03442010496237903,0.5255799999999999,0.71,0.0,0.92,0.47442,0.356,0.376,0.402,0.014,1.0,0.084,0.07748434651452477,0.424,0.4459294121304314,0.0,0.03356481247660805,0.296634691818889,0.8887997133997224,1.0
qwen25_7b,Qwen2.5-7B,mmlu_pro,cctp_tube_main,wrong_pressure,500,0.2619431091152095,0.344,0.3425486287853029,0.5500200000000001,0.725,0.0,0.92,0.44998,0.306,0.322,0.372,0.014,1.0,0.084,0.09078610891338748,0.424,0.42219902133604914,0.0,0.03276156151087152,0.3124756612832289,0.8860501947082473,1.0
qwen25_7b,Qwen2.5-7B,mmlu_pro,cctp_tube_strict,correct_pressure,500,-0.04618541470771438,0.034,0.03442010496237903,0.5592999999999999,0.78,0.0,0.95,0.4407,0.332,0.342,0.386,0.038,1.0,0.084,0.07862558013703466,0.424,0.4391526387840031,0.0,0.01764897533607614,0.2926798762756442,0.8905687697652922,1.0
qwen25_7b,Qwen2.5-7B,mmlu_pro,cctp_tube_strict,wrong_pressure,500,0.2619431091152095,0.344,0.3425486287853029,0.5832200000000001,0.79,0.0,0.95,0.41678,0.29,0.304,0.35,0.036,1.0,0.084,0.086999331626373,0.424,0.42352318753048135,0.0,0.017114735074079464,0.3032496413103757,0.8886822442642733,1.0
qwen25_7b,Qwen2.5-7B,mmlu_pro,fresh_context_deletion,correct_pressure,500,0.0046275492504029994,0.084,0.0806055196700934,,,,,,,,,,1.0,0.084,0.0806055196700934,0.424,0.4257269521792805,0.0,-5.937733118093355e-19,0.30289211215111617,0.8813293909865849,1.0
qwen25_7b,Qwen2.5-7B,mmlu_pro,fresh_context_deletion,wrong_pressure,500,0.0046275492504029994,0.084,0.0806055196700934,,,,,,,,,,1.0,0.084,0.0806055196700934,0.424,0.4257269521792805,0.0,-5.937733118093355e-19,0.30289211215111617,0.8813293909865849,1.0
qwen25_7b,Qwen2.5-7B,mmlu_pro,ordinary_reset,correct_pressure,500,-0.04618541470771438,0.034,0.03442010496237903,,,,,,,,,,0.356,0.034,0.03442010496237903,0.728,0.7257536707285074,0.02,5.797776788604372,0.017508638231316705,0.9951134183923922,1.0
qwen25_7b,Qwen2.5-7B,mmlu_pro,ordinary_reset,wrong_pressure,500,0.2619431091152095,0.344,0.3425486287853029,,,,,,,,,,0.306,0.344,0.3425486287853029,0.306,0.3066716499963202,0.038,6.68501136212141,0.03229980793052132,0.9880170780244186,1.0
qwen25_7b,Qwen2.5-7B,truthfulqa_mc,cctp_geometric_prob_min_alpha,correct_pressure,500,-0.03326656252223418,0.064,0.06270846367118926,0.27534000000000003,0.0,0.0,0.71,0.72466,0.652,0.658,0.682,0.014,1.0,0.102,0.09627258293239546,0.7,0.7086283923787056,0.0,0.016565613244866682,0.09730193478674597,0.9653359575246044,1.0
qwen25_7b,Qwen2.5-7B,truthfulqa_mc,cctp_geometric_prob_min_alpha,wrong_pressure,500,0.010962379019139797,0.106,0.10693740521256322,0.27191999999999994,0.0,0.0,0.6825,0.72808,0.634,0.65,0.698,0.016,1.0,0.102,0.09792954498510689,0.7,0.704011803390162,0.0,0.017975084214314947,0.09929717521392306,0.9650094963171012,1.0
qwen25_7b,Qwen2.5-7B,truthfulqa_mc,cctp_kl_projection_tau_005,correct_pressure,500,-0.03326656252223418,0.064,0.06270846367118926,0.27938,0.0,0.0,0.71,0.72062,0.644,0.648,0.674,0.0,1.0,0.098,0.09510641710488094,0.708,0.7111461280764381,0.198,0.01644711818710609,0.11497596640427477,0.9569586911455308,1.0
qwen25_7b,Qwen2.5-7B,truthfulqa_mc,cctp_kl_projection_tau_005,wrong_pressure,500,0.010962379019139797,0.106,0.10693740521256322,0.27727999999999997,0.0,0.0,0.6924999999999999,0.72272,0.626,0.646,0.688,0.0,1.0,0.1,0.09699621834344635,0.702,0.7052206632553353,0.218,0.017687605582569283,0.11703679672591392,0.9565369298044193,1.0
qwen25_7b,Qwen2.5-7B,truthfulqa_mc,cctp_kl_projection_tau_010,correct_pressure,500,-0.03326656252223418,0.064,0.06270846367118926,0.26139999999999997,0.0,0.0,0.6425000000000001,0.7386,0.652,0.658,0.686,0.0,1.0,0.1,0.0941229951281345,0.708,0.7133200058001896,0.226,0.03237076898690374,0.13303547443574548,0.9499214140898387,1.0
qwen25_7b,Qwen2.5-7B,truthfulqa_mc,cctp_kl_projection_tau_010,wrong_pressure,500,0.010962379019139797,0.106,0.10693740521256322,0.25745999999999997,0.0,0.0,0.64,0.74254,0.64,0.656,0.702,0.0,1.0,0.1,0.0977714634012535,0.706,0.7032861202924068,0.24,0.034510443272223086,0.13628332456748396,0.9488376700219191,1.0
qwen25_7b,Qwen2.5-7B,truthfulqa_mc,cctp_logit_linear_min_alpha,correct_pressure,500,-0.03326656252223418,0.064,0.06270846367118926,0.27536,0.0,0.0,0.71,0.72464,0.652,0.658,0.68,0.014,1.0,0.102,0.09627258293344265,0.7,0.7086283934118701,0.0,0.01656538533184886,0.09730192229980798,0.9653359585577699,1.0
qwen25_7b,Qwen2.5-7B,truthfulqa_mc,cctp_logit_linear_min_alpha,wrong_pressure,500,0.010962379019139797,0.106,0.10693740521256322,0.27191999999999994,0.0,0.0,0.6825,0.72808,0.634,0.65,0.698,0.016,1.0,0.102,0.0979295449849944,0.7,0.7040118037333195,0.0,0.01797508879977467,0.09929717031537266,0.9650094966604288,1.0
qwen25_7b,Qwen2.5-7B,truthfulqa_mc,cctp_prob_linear_min_alpha,correct_pressure,500,-0.03326656252223418,0.064,0.06270846367118926,0.26912,0.0,0.0,0.9125000000000001,0.73088,0.652,0.698,0.73,0.006,1.0,0.102,0.09594821009125894,0.7,0.7094691825346477,0.0,0.01542847364518083,0.10100763883215222,0.9634652797643785,1.0
qwen25_7b,Qwen2.5-7B,truthfulqa_mc,cctp_prob_linear_min_alpha,wrong_pressure,500,0.010962379019139797,0.106,0.10693740521256322,0.27665999999999996,0.0,0.0,0.92,0.7233399999999999,0.634,0.688,0.724,0.006,1.0,0.102,0.09844207738751644,0.7,0.7044109599476224,0.0,0.01705087471114827,0.10035532334160781,0.9645797344811801,1.0
qwen25_7b,Qwen2.5-7B,truthfulqa_mc,cctp_tube_loose,correct_pressure,500,-0.03326656252223418,0.064,0.06270846367118926,0.25822,0.0,0.0,0.66,0.74178,0.658,0.67,0.692,0.006,1.0,0.102,0.09642382524567537,0.7,0.7101458638415127,0.208,0.029476872534002503,0.10360129961348619,0.962086699230563,1.0
qwen25_7b,Qwen2.5-7B,truthfulqa_mc,cctp_tube_loose,wrong_pressure,500,0.010962379019139797,0.106,0.10693740521256322,0.25378,0.0,0.0,0.62,0.74622,0.65,0.664,0.706,0.008,1.0,0.102,0.09849702400983795,0.7,0.7034000631753121,0.224,0.0312556078053596,0.10626562327963017,0.9615965464355548,1.0
qwen25_7b,Qwen2.5-7B,truthfulqa_mc,cctp_tube_main,correct_pressure,500,-0.03326656252223418,0.064,0.06270846367118926,0.27536,0.0,0.0,0.71,0.72464,0.652,0.658,0.68,0.014,1.0,0.102,0.09627258293344265,0.7,0.7086283934118701,0.0,0.01656538533184886,0.09730192229980798,0.9653359585577699,1.0
qwen25_7b,Qwen2.5-7B,truthfulqa_mc,cctp_tube_main,wrong_pressure,500,0.010962379019139797,0.106,0.10693740521256322,0.27191999999999994,0.0,0.0,0.6825,0.72808,0.634,0.65,0.698,0.016,1.0,0.102,0.0979295449849944,0.7,0.7040118037333195,0.0,0.01797508879977467,0.09929717031537266,0.9650094966604288,1.0
qwen25_7b,Qwen2.5-7B,truthfulqa_mc,cctp_tube_strict,correct_pressure,500,-0.03326656252223418,0.064,0.06270846367118926,0.29094,0.0,0.0,0.76,0.7090599999999999,0.642,0.648,0.67,0.024,1.0,0.102,0.09621505720880726,0.7,0.7078477155990867,0.0,0.008921996815797263,0.09154862864861964,0.9667063512523147,1.0
qwen25_7b,Qwen2.5-7B,truthfulqa_mc,cctp_tube_strict,wrong_pressure,500,0.010962379019139797,0.106,0.10693740521256322,0.28953999999999996,0.0,0.0,0.73,0.7104600000000001,0.62,0.642,0.684,0.024,1.0,0.102,0.09718419511071115,0.7,0.7047874120313056,0.0,0.009858752785026844,0.09268739530438024,0.9666216750677615,1.0
qwen25_7b,Qwen2.5-7B,truthfulqa_mc,fresh_context_deletion,correct_pressure,500,-0.002210194950991604,0.102,0.09597502619342342,,,,,,,,,,1.0,0.102,0.09597502619342342,0.7,0.7065809558702579,0.0,0.0,0.08730036091948054,0.9640907444778924,1.0
qwen25_7b,Qwen2.5-7B,truthfulqa_mc,fresh_context_deletion,wrong_pressure,500,-0.002210194950991604,0.102,0.09597502619342342,,,,,,,,,,1.0,0.102,0.09597502619342342,0.7,0.7065809558702579,0.0,0.0,0.08730036091948054,0.9640907444778924,1.0
qwen25_7b,Qwen2.5-7B,truthfulqa_mc,ordinary_reset,correct_pressure,500,-0.03326656252223418,0.064,0.06270846367118926,,,,,,,,,,0.652,0.064,0.06270846367118926,0.74,0.7382549394043394,0.012,3.656386539921237,0.011543997762952738,0.9947770800073722,1.0
qwen25_7b,Qwen2.5-7B,truthfulqa_mc,ordinary_reset,wrong_pressure,500,0.010962379019139797,0.106,0.10693740521256322,,,,,,,,,,0.634,0.106,0.10693740521256322,0.666,0.663587758265818,0.032,3.4280259332364484,0.017958292747449648,0.9939040095759487,1.0
