model_key,model,dataset,condition,pressure_type,metric,estimate,ci_low,ci_high,n_bootstrap,seed
gemma2_2b,Gemma-2-2B,mmlu_pro,cctp_logit_linear_min_alpha,correct_pressure,mean_alpha,0.7034000000000001,0.673439,0.733727,1000,42
gemma2_2b,Gemma-2-2B,mmlu_pro,cctp_logit_linear_min_alpha,correct_pressure,median_alpha,0.88,0.87,0.89,1000,42
gemma2_2b,Gemma-2-2B,mmlu_pro,cctp_logit_linear_min_alpha,correct_pressure,mean_history_retention,0.29660000000000003,0.26744949999999995,0.329226,1000,42
gemma2_2b,Gemma-2-2B,mmlu_pro,cctp_logit_linear_min_alpha,correct_pressure,fraction_alpha_le_050,0.218,0.182,0.25404999999999994,1000,42
gemma2_2b,Gemma-2-2B,mmlu_pro,cctp_logit_linear_min_alpha,correct_pressure,fraction_alpha_eq_1,0.016,0.006,0.028,1000,42
gemma2_2b,Gemma-2-2B,mmlu_pro,cctp_logit_linear_min_alpha,correct_pressure,clean_like_rate,1.0,1.0,1.0,1000,42
gemma2_2b,Gemma-2-2B,mmlu_pro,cctp_logit_linear_min_alpha,correct_pressure,wrong_follow_rate,0.104,0.078,0.13,1000,42
gemma2_2b,Gemma-2-2B,mmlu_pro,cctp_logit_linear_min_alpha,correct_pressure,mean_p_wrong,0.09432008323961824,0.07485676423011592,0.11511454143099116,1000,42
gemma2_2b,Gemma-2-2B,mmlu_pro,cctp_logit_linear_min_alpha,correct_pressure,accuracy,0.28,0.242,0.318,1000,42
gemma2_2b,Gemma-2-2B,mmlu_pro,cctp_logit_linear_min_alpha,correct_pressure,mean_p_correct,0.3005185072861107,0.2676059331650019,0.33491044173871365,1000,42
gemma2_2b,Gemma-2-2B,mmlu_pro,cctp_logit_linear_min_alpha,correct_pressure,flattening_rate,0.0,0.0,0.0,1000,42
gemma2_2b,Gemma-2-2B,mmlu_pro,cctp_logit_linear_min_alpha,correct_pressure,mean_KL_clean_projected,0.029441012026172317,0.026498498470411327,0.03234343493749915,1000,42
gemma2_2b,Gemma-2-2B,mmlu_pro,cctp_logit_linear_min_alpha,wrong_pressure,mean_alpha,0.7494400000000001,0.7215634999999999,0.7764890000000001,1000,42
gemma2_2b,Gemma-2-2B,mmlu_pro,cctp_logit_linear_min_alpha,wrong_pressure,median_alpha,0.88,0.859875,0.89,1000,42
gemma2_2b,Gemma-2-2B,mmlu_pro,cctp_logit_linear_min_alpha,wrong_pressure,mean_history_retention,0.25055999999999995,0.2238755,0.27916250000000004,1000,42
gemma2_2b,Gemma-2-2B,mmlu_pro,cctp_logit_linear_min_alpha,wrong_pressure,fraction_alpha_le_050,0.14,0.11195000000000001,0.17,1000,42
gemma2_2b,Gemma-2-2B,mmlu_pro,cctp_logit_linear_min_alpha,wrong_pressure,fraction_alpha_eq_1,0.02,0.01,0.034,1000,42
gemma2_2b,Gemma-2-2B,mmlu_pro,cctp_logit_linear_min_alpha,wrong_pressure,clean_like_rate,1.0,1.0,1.0,1000,42
gemma2_2b,Gemma-2-2B,mmlu_pro,cctp_logit_linear_min_alpha,wrong_pressure,wrong_follow_rate,0.104,0.078,0.132,1000,42
gemma2_2b,Gemma-2-2B,mmlu_pro,cctp_logit_linear_min_alpha,wrong_pressure,mean_p_wrong,0.12910354221472506,0.10767146640488273,0.15128080329297522,1000,42
gemma2_2b,Gemma-2-2B,mmlu_pro,cctp_logit_linear_min_alpha,wrong_pressure,accuracy,0.28,0.242,0.32,1000,42
gemma2_2b,Gemma-2-2B,mmlu_pro,cctp_logit_linear_min_alpha,wrong_pressure,mean_p_correct,0.258980023200906,0.22694275139227058,0.29313742215272465,1000,42
gemma2_2b,Gemma-2-2B,mmlu_pro,cctp_logit_linear_min_alpha,wrong_pressure,flattening_rate,0.0,0.0,0.0,1000,42
gemma2_2b,Gemma-2-2B,mmlu_pro,cctp_logit_linear_min_alpha,wrong_pressure,mean_KL_clean_projected,0.028534312621295573,0.025887166457452253,0.031343041490555126,1000,42
gemma2_2b,Gemma-2-2B,truthfulqa_mc,cctp_logit_linear_min_alpha,correct_pressure,mean_alpha,0.36048,0.3246,0.39250250000000003,1000,42
gemma2_2b,Gemma-2-2B,truthfulqa_mc,cctp_logit_linear_min_alpha,correct_pressure,median_alpha,0.0,0.0,0.245,1000,42
gemma2_2b,Gemma-2-2B,truthfulqa_mc,cctp_logit_linear_min_alpha,correct_pressure,mean_history_retention,0.63952,0.601213,0.674921,1000,42
gemma2_2b,Gemma-2-2B,truthfulqa_mc,cctp_logit_linear_min_alpha,correct_pressure,fraction_alpha_le_050,0.574,0.53,0.62,1000,42
gemma2_2b,Gemma-2-2B,truthfulqa_mc,cctp_logit_linear_min_alpha,correct_pressure,fraction_alpha_eq_1,0.004,0.0,0.01,1000,42
gemma2_2b,Gemma-2-2B,truthfulqa_mc,cctp_logit_linear_min_alpha,correct_pressure,clean_like_rate,1.0,1.0,1.0,1000,42
gemma2_2b,Gemma-2-2B,truthfulqa_mc,cctp_logit_linear_min_alpha,correct_pressure,wrong_follow_rate,0.144,0.114,0.174,1000,42
gemma2_2b,Gemma-2-2B,truthfulqa_mc,cctp_logit_linear_min_alpha,correct_pressure,mean_p_wrong,0.1409468146126074,0.11355325710720271,0.16837726232087633,1000,42
gemma2_2b,Gemma-2-2B,truthfulqa_mc,cctp_logit_linear_min_alpha,correct_pressure,accuracy,0.552,0.506,0.596,1000,42
gemma2_2b,Gemma-2-2B,truthfulqa_mc,cctp_logit_linear_min_alpha,correct_pressure,mean_p_correct,0.558477689338601,0.5194046384446437,0.6004277035116466,1000,42
gemma2_2b,Gemma-2-2B,truthfulqa_mc,cctp_logit_linear_min_alpha,correct_pressure,flattening_rate,0.0,0.0,0.0,1000,42
gemma2_2b,Gemma-2-2B,truthfulqa_mc,cctp_logit_linear_min_alpha,correct_pressure,mean_KL_clean_projected,0.020429106292606015,0.018143304553993312,0.022963757432305856,1000,42
gemma2_2b,Gemma-2-2B,truthfulqa_mc,cctp_logit_linear_min_alpha,wrong_pressure,mean_alpha,0.46465999999999996,0.431697,0.49544849999999996,1000,42
gemma2_2b,Gemma-2-2B,truthfulqa_mc,cctp_logit_linear_min_alpha,wrong_pressure,median_alpha,0.63,0.57,0.68,1000,42
gemma2_2b,Gemma-2-2B,truthfulqa_mc,cctp_logit_linear_min_alpha,wrong_pressure,mean_history_retention,0.5353399999999999,0.49911500000000003,0.5695455,1000,42
gemma2_2b,Gemma-2-2B,truthfulqa_mc,cctp_logit_linear_min_alpha,wrong_pressure,fraction_alpha_le_050,0.42,0.37595,0.462,1000,42
gemma2_2b,Gemma-2-2B,truthfulqa_mc,cctp_logit_linear_min_alpha,wrong_pressure,fraction_alpha_eq_1,0.002,0.0,0.006,1000,42
gemma2_2b,Gemma-2-2B,truthfulqa_mc,cctp_logit_linear_min_alpha,wrong_pressure,clean_like_rate,1.0,1.0,1.0,1000,42
gemma2_2b,Gemma-2-2B,truthfulqa_mc,cctp_logit_linear_min_alpha,wrong_pressure,wrong_follow_rate,0.144,0.11395000000000001,0.176,1000,42
gemma2_2b,Gemma-2-2B,truthfulqa_mc,cctp_logit_linear_min_alpha,wrong_pressure,mean_p_wrong,0.15852408854728867,0.13149878748768207,0.1878154912430268,1000,42
gemma2_2b,Gemma-2-2B,truthfulqa_mc,cctp_logit_linear_min_alpha,wrong_pressure,accuracy,0.552,0.508,0.596,1000,42
gemma2_2b,Gemma-2-2B,truthfulqa_mc,cctp_logit_linear_min_alpha,wrong_pressure,mean_p_correct,0.5375501632917258,0.497680504692132,0.5745713690976427,1000,42
gemma2_2b,Gemma-2-2B,truthfulqa_mc,cctp_logit_linear_min_alpha,wrong_pressure,flattening_rate,0.0,0.0,0.0,1000,42
gemma2_2b,Gemma-2-2B,truthfulqa_mc,cctp_logit_linear_min_alpha,wrong_pressure,mean_KL_clean_projected,0.02130780921364001,0.019265416798283884,0.023617432682722997,1000,42
gemma2_9b,Gemma-2-9B,mmlu_pro,cctp_logit_linear_min_alpha,correct_pressure,mean_alpha,0.48813999999999996,0.45339549999999995,0.5246810000000001,1000,42
gemma2_9b,Gemma-2-9B,mmlu_pro,cctp_logit_linear_min_alpha,correct_pressure,median_alpha,0.69,0.54,0.75,1000,42
gemma2_9b,Gemma-2-9B,mmlu_pro,cctp_logit_linear_min_alpha,correct_pressure,mean_history_retention,0.51186,0.47335750000000004,0.5479189999999999,1000,42
gemma2_9b,Gemma-2-9B,mmlu_pro,cctp_logit_linear_min_alpha,correct_pressure,fraction_alpha_le_050,0.444,0.402,0.488,1000,42
gemma2_9b,Gemma-2-9B,mmlu_pro,cctp_logit_linear_min_alpha,correct_pressure,fraction_alpha_eq_1,0.004,0.0,0.01,1000,42
gemma2_9b,Gemma-2-9B,mmlu_pro,cctp_logit_linear_min_alpha,correct_pressure,clean_like_rate,1.0,1.0,1.0,1000,42
gemma2_9b,Gemma-2-9B,mmlu_pro,cctp_logit_linear_min_alpha,correct_pressure,wrong_follow_rate,0.078,0.056,0.10204999999999995,1000,42
gemma2_9b,Gemma-2-9B,mmlu_pro,cctp_logit_linear_min_alpha,correct_pressure,mean_p_wrong,0.07426510320037827,0.056752336606879256,0.09452893358280526,1000,42
gemma2_9b,Gemma-2-9B,mmlu_pro,cctp_logit_linear_min_alpha,correct_pressure,accuracy,0.43,0.388,0.472,1000,42
gemma2_9b,Gemma-2-9B,mmlu_pro,cctp_logit_linear_min_alpha,correct_pressure,mean_p_correct,0.4322968942829734,0.39519352538364816,0.47323845624198013,1000,42
gemma2_9b,Gemma-2-9B,mmlu_pro,cctp_logit_linear_min_alpha,correct_pressure,flattening_rate,0.0,0.0,0.0,1000,42
gemma2_9b,Gemma-2-9B,mmlu_pro,cctp_logit_linear_min_alpha,correct_pressure,mean_KL_clean_projected,0.03079556432667419,0.027495417321075893,0.03412786361075351,1000,42
gemma2_9b,Gemma-2-9B,mmlu_pro,cctp_logit_linear_min_alpha,wrong_pressure,mean_alpha,0.5048400000000001,0.46800200000000003,0.5416004999999999,1000,42
gemma2_9b,Gemma-2-9B,mmlu_pro,cctp_logit_linear_min_alpha,wrong_pressure,median_alpha,0.735,0.659875,0.785,1000,42
gemma2_9b,Gemma-2-9B,mmlu_pro,cctp_logit_linear_min_alpha,wrong_pressure,mean_history_retention,0.49516,0.45761500000000005,0.5317864999999999,1000,42
gemma2_9b,Gemma-2-9B,mmlu_pro,cctp_logit_linear_min_alpha,wrong_pressure,fraction_alpha_le_050,0.428,0.386,0.474,1000,42
gemma2_9b,Gemma-2-9B,mmlu_pro,cctp_logit_linear_min_alpha,wrong_pressure,fraction_alpha_eq_1,0.006,0.0,0.014,1000,42
gemma2_9b,Gemma-2-9B,mmlu_pro,cctp_logit_linear_min_alpha,wrong_pressure,clean_like_rate,1.0,1.0,1.0,1000,42
gemma2_9b,Gemma-2-9B,mmlu_pro,cctp_logit_linear_min_alpha,wrong_pressure,wrong_follow_rate,0.078,0.054,0.102,1000,42
gemma2_9b,Gemma-2-9B,mmlu_pro,cctp_logit_linear_min_alpha,wrong_pressure,mean_p_wrong,0.08806887836985061,0.06858700466547224,0.10817714469303975,1000,42
gemma2_9b,Gemma-2-9B,mmlu_pro,cctp_logit_linear_min_alpha,wrong_pressure,accuracy,0.43,0.38595,0.474,1000,42
gemma2_9b,Gemma-2-9B,mmlu_pro,cctp_logit_linear_min_alpha,wrong_pressure,mean_p_correct,0.41318202545632915,0.37288633725083903,0.45378613134623,1000,42
gemma2_9b,Gemma-2-9B,mmlu_pro,cctp_logit_linear_min_alpha,wrong_pressure,flattening_rate,0.0,0.0,0.0,1000,42
gemma2_9b,Gemma-2-9B,mmlu_pro,cctp_logit_linear_min_alpha,wrong_pressure,mean_KL_clean_projected,0.030731023230308768,0.02746795671789215,0.034055571720290945,1000,42
gemma2_9b,Gemma-2-9B,truthfulqa_mc,cctp_logit_linear_min_alpha,correct_pressure,mean_alpha,0.16201999999999997,0.135173,0.1903015,1000,42
gemma2_9b,Gemma-2-9B,truthfulqa_mc,cctp_logit_linear_min_alpha,correct_pressure,median_alpha,0.0,0.0,0.0,1000,42
gemma2_9b,Gemma-2-9B,truthfulqa_mc,cctp_logit_linear_min_alpha,correct_pressure,mean_history_retention,0.8379800000000001,0.808737,0.8656425,1000,42
gemma2_9b,Gemma-2-9B,truthfulqa_mc,cctp_logit_linear_min_alpha,correct_pressure,fraction_alpha_le_050,0.81,0.776,0.84405,1000,42
gemma2_9b,Gemma-2-9B,truthfulqa_mc,cctp_logit_linear_min_alpha,correct_pressure,fraction_alpha_eq_1,0.0,0.0,0.0,1000,42
gemma2_9b,Gemma-2-9B,truthfulqa_mc,cctp_logit_linear_min_alpha,correct_pressure,clean_like_rate,1.0,1.0,1.0,1000,42
gemma2_9b,Gemma-2-9B,truthfulqa_mc,cctp_logit_linear_min_alpha,correct_pressure,wrong_follow_rate,0.086,0.062,0.112,1000,42
gemma2_9b,Gemma-2-9B,truthfulqa_mc,cctp_logit_linear_min_alpha,correct_pressure,mean_p_wrong,0.0862122860299225,0.06537898410475886,0.10942013810417076,1000,42
gemma2_9b,Gemma-2-9B,truthfulqa_mc,cctp_logit_linear_min_alpha,correct_pressure,accuracy,0.784,0.748,0.818,1000,42
gemma2_9b,Gemma-2-9B,truthfulqa_mc,cctp_logit_linear_min_alpha,correct_pressure,mean_p_correct,0.7793387679779841,0.7440390314550419,0.8137759086206673,1000,42
gemma2_9b,Gemma-2-9B,truthfulqa_mc,cctp_logit_linear_min_alpha,correct_pressure,flattening_rate,0.0,0.0,0.0,1000,42
gemma2_9b,Gemma-2-9B,truthfulqa_mc,cctp_logit_linear_min_alpha,correct_pressure,mean_KL_clean_projected,0.013712347028407585,0.011413350253685438,0.01602125407648883,1000,42
gemma2_9b,Gemma-2-9B,truthfulqa_mc,cctp_logit_linear_min_alpha,wrong_pressure,mean_alpha,0.17244,0.1424525,0.202442,1000,42
gemma2_9b,Gemma-2-9B,truthfulqa_mc,cctp_logit_linear_min_alpha,wrong_pressure,median_alpha,0.0,0.0,0.0,1000,42
gemma2_9b,Gemma-2-9B,truthfulqa_mc,cctp_logit_linear_min_alpha,wrong_pressure,mean_history_retention,0.82756,0.7982945,0.8574475,1000,42
gemma2_9b,Gemma-2-9B,truthfulqa_mc,cctp_logit_linear_min_alpha,wrong_pressure,fraction_alpha_le_050,0.8,0.76595,0.832,1000,42
gemma2_9b,Gemma-2-9B,truthfulqa_mc,cctp_logit_linear_min_alpha,wrong_pressure,fraction_alpha_eq_1,0.0,0.0,0.0,1000,42
gemma2_9b,Gemma-2-9B,truthfulqa_mc,cctp_logit_linear_min_alpha,wrong_pressure,clean_like_rate,1.0,1.0,1.0,1000,42
gemma2_9b,Gemma-2-9B,truthfulqa_mc,cctp_logit_linear_min_alpha,wrong_pressure,wrong_follow_rate,0.086,0.062,0.112,1000,42
gemma2_9b,Gemma-2-9B,truthfulqa_mc,cctp_logit_linear_min_alpha,wrong_pressure,mean_p_wrong,0.08465886406186669,0.06281515857367945,0.10846586861185267,1000,42
gemma2_9b,Gemma-2-9B,truthfulqa_mc,cctp_logit_linear_min_alpha,wrong_pressure,accuracy,0.784,0.748,0.82,1000,42
gemma2_9b,Gemma-2-9B,truthfulqa_mc,cctp_logit_linear_min_alpha,wrong_pressure,mean_p_correct,0.7804335461008801,0.7460980157330316,0.8140873476094541,1000,42
gemma2_9b,Gemma-2-9B,truthfulqa_mc,cctp_logit_linear_min_alpha,wrong_pressure,flattening_rate,0.0,0.0,0.0,1000,42
gemma2_9b,Gemma-2-9B,truthfulqa_mc,cctp_logit_linear_min_alpha,wrong_pressure,mean_KL_clean_projected,0.013841145226730708,0.011476959666189114,0.016269853439739194,1000,42
llama31_8b,Llama-3.1-8B,mmlu_pro,cctp_logit_linear_min_alpha,correct_pressure,mean_alpha,0.6148799999999999,0.588918,0.6405044999999999,1000,42
llama31_8b,Llama-3.1-8B,mmlu_pro,cctp_logit_linear_min_alpha,correct_pressure,median_alpha,0.7,0.67,0.73,1000,42
llama31_8b,Llama-3.1-8B,mmlu_pro,cctp_logit_linear_min_alpha,correct_pressure,mean_history_retention,0.38512,0.358976,0.411002,1000,42
llama31_8b,Llama-3.1-8B,mmlu_pro,cctp_logit_linear_min_alpha,correct_pressure,fraction_alpha_le_050,0.292,0.254,0.33,1000,42
llama31_8b,Llama-3.1-8B,mmlu_pro,cctp_logit_linear_min_alpha,correct_pressure,fraction_alpha_eq_1,0.034,0.02,0.052,1000,42
llama31_8b,Llama-3.1-8B,mmlu_pro,cctp_logit_linear_min_alpha,correct_pressure,clean_like_rate,1.0,1.0,1.0,1000,42
llama31_8b,Llama-3.1-8B,mmlu_pro,cctp_logit_linear_min_alpha,correct_pressure,wrong_follow_rate,0.09,0.06595000000000001,0.116,1000,42
llama31_8b,Llama-3.1-8B,mmlu_pro,cctp_logit_linear_min_alpha,correct_pressure,mean_p_wrong,0.08241695799903398,0.06804349353763303,0.097452875614927,1000,42
llama31_8b,Llama-3.1-8B,mmlu_pro,cctp_logit_linear_min_alpha,correct_pressure,accuracy,0.414,0.372,0.45604999999999996,1000,42
llama31_8b,Llama-3.1-8B,mmlu_pro,cctp_logit_linear_min_alpha,correct_pressure,mean_p_correct,0.38108292372699815,0.3490166580110968,0.41340208728655475,1000,42
llama31_8b,Llama-3.1-8B,mmlu_pro,cctp_logit_linear_min_alpha,correct_pressure,flattening_rate,0.0,0.0,0.0,1000,42
llama31_8b,Llama-3.1-8B,mmlu_pro,cctp_logit_linear_min_alpha,correct_pressure,mean_KL_clean_projected,0.04587419906286804,0.042477948541320955,0.04923659656428951,1000,42
llama31_8b,Llama-3.1-8B,mmlu_pro,cctp_logit_linear_min_alpha,wrong_pressure,mean_alpha,0.6,0.5735085,0.6288885,1000,42
llama31_8b,Llama-3.1-8B,mmlu_pro,cctp_logit_linear_min_alpha,wrong_pressure,median_alpha,0.68,0.65,0.71,1000,42
llama31_8b,Llama-3.1-8B,mmlu_pro,cctp_logit_linear_min_alpha,wrong_pressure,mean_history_retention,0.4,0.3730955,0.426567,1000,42
llama31_8b,Llama-3.1-8B,mmlu_pro,cctp_logit_linear_min_alpha,wrong_pressure,fraction_alpha_le_050,0.314,0.276,0.354,1000,42
llama31_8b,Llama-3.1-8B,mmlu_pro,cctp_logit_linear_min_alpha,wrong_pressure,fraction_alpha_eq_1,0.048,0.032,0.06604999999999996,1000,42
llama31_8b,Llama-3.1-8B,mmlu_pro,cctp_logit_linear_min_alpha,wrong_pressure,clean_like_rate,1.0,1.0,1.0,1000,42
llama31_8b,Llama-3.1-8B,mmlu_pro,cctp_logit_linear_min_alpha,wrong_pressure,wrong_follow_rate,0.09,0.066,0.114,1000,42
llama31_8b,Llama-3.1-8B,mmlu_pro,cctp_logit_linear_min_alpha,wrong_pressure,mean_p_wrong,0.11068630104135437,0.09504176505777119,0.1269857672530365,1000,42
llama31_8b,Llama-3.1-8B,mmlu_pro,cctp_logit_linear_min_alpha,wrong_pressure,accuracy,0.414,0.37,0.458,1000,42
llama31_8b,Llama-3.1-8B,mmlu_pro,cctp_logit_linear_min_alpha,wrong_pressure,mean_p_correct,0.3516571328384291,0.31796130990680466,0.3855662702535696,1000,42
llama31_8b,Llama-3.1-8B,mmlu_pro,cctp_logit_linear_min_alpha,wrong_pressure,flattening_rate,0.0,0.0,0.0,1000,42
llama31_8b,Llama-3.1-8B,mmlu_pro,cctp_logit_linear_min_alpha,wrong_pressure,mean_KL_clean_projected,0.04363270640470382,0.040297106039223214,0.04685395905480732,1000,42
llama31_8b,Llama-3.1-8B,truthfulqa_mc,cctp_logit_linear_min_alpha,correct_pressure,mean_alpha,0.44894,0.419229,0.4767235,1000,42
llama31_8b,Llama-3.1-8B,truthfulqa_mc,cctp_logit_linear_min_alpha,correct_pressure,median_alpha,0.49,0.43,0.55,1000,42
llama31_8b,Llama-3.1-8B,truthfulqa_mc,cctp_logit_linear_min_alpha,correct_pressure,mean_history_retention,0.5510600000000001,0.522873,0.580861,1000,42
llama31_8b,Llama-3.1-8B,truthfulqa_mc,cctp_logit_linear_min_alpha,correct_pressure,fraction_alpha_le_050,0.506,0.46595000000000003,0.548,1000,42
llama31_8b,Llama-3.1-8B,truthfulqa_mc,cctp_logit_linear_min_alpha,correct_pressure,fraction_alpha_eq_1,0.004,0.0,0.01,1000,42
llama31_8b,Llama-3.1-8B,truthfulqa_mc,cctp_logit_linear_min_alpha,correct_pressure,clean_like_rate,1.0,1.0,1.0,1000,42
llama31_8b,Llama-3.1-8B,truthfulqa_mc,cctp_logit_linear_min_alpha,correct_pressure,wrong_follow_rate,0.128,0.098,0.158,1000,42
llama31_8b,Llama-3.1-8B,truthfulqa_mc,cctp_logit_linear_min_alpha,correct_pressure,mean_p_wrong,0.13117148396752623,0.10801692976867261,0.15624808548818975,1000,42
llama31_8b,Llama-3.1-8B,truthfulqa_mc,cctp_logit_linear_min_alpha,correct_pressure,accuracy,0.632,0.592,0.674,1000,42
llama31_8b,Llama-3.1-8B,truthfulqa_mc,cctp_logit_linear_min_alpha,correct_pressure,mean_p_correct,0.6051938739717854,0.5688842811138851,0.6413723264322323,1000,42
llama31_8b,Llama-3.1-8B,truthfulqa_mc,cctp_logit_linear_min_alpha,correct_pressure,flattening_rate,0.0,0.0,0.0,1000,42
llama31_8b,Llama-3.1-8B,truthfulqa_mc,cctp_logit_linear_min_alpha,correct_pressure,mean_KL_clean_projected,0.030073659456181803,0.027516084751411315,0.03292673895085728,1000,42
llama31_8b,Llama-3.1-8B,truthfulqa_mc,cctp_logit_linear_min_alpha,wrong_pressure,mean_alpha,0.4021799999999999,0.36839099999999997,0.43535349999999995,1000,42
llama31_8b,Llama-3.1-8B,truthfulqa_mc,cctp_logit_linear_min_alpha,wrong_pressure,median_alpha,0.435,0.27,0.5,1000,42
llama31_8b,Llama-3.1-8B,truthfulqa_mc,cctp_logit_linear_min_alpha,wrong_pressure,mean_history_retention,0.59782,0.5660094999999999,0.6299745000000001,1000,42
llama31_8b,Llama-3.1-8B,truthfulqa_mc,cctp_logit_linear_min_alpha,wrong_pressure,fraction_alpha_le_050,0.546,0.49995,0.59,1000,42
llama31_8b,Llama-3.1-8B,truthfulqa_mc,cctp_logit_linear_min_alpha,wrong_pressure,fraction_alpha_eq_1,0.008,0.002,0.016,1000,42
llama31_8b,Llama-3.1-8B,truthfulqa_mc,cctp_logit_linear_min_alpha,wrong_pressure,clean_like_rate,1.0,1.0,1.0,1000,42
llama31_8b,Llama-3.1-8B,truthfulqa_mc,cctp_logit_linear_min_alpha,wrong_pressure,wrong_follow_rate,0.128,0.102,0.15804999999999997,1000,42
llama31_8b,Llama-3.1-8B,truthfulqa_mc,cctp_logit_linear_min_alpha,wrong_pressure,mean_p_wrong,0.12076781183472114,0.0977238539232265,0.1454089068265498,1000,42
llama31_8b,Llama-3.1-8B,truthfulqa_mc,cctp_logit_linear_min_alpha,wrong_pressure,accuracy,0.632,0.588,0.67405,1000,42
llama31_8b,Llama-3.1-8B,truthfulqa_mc,cctp_logit_linear_min_alpha,wrong_pressure,mean_p_correct,0.6243816618302152,0.5902554070812531,0.6596654857197395,1000,42
llama31_8b,Llama-3.1-8B,truthfulqa_mc,cctp_logit_linear_min_alpha,wrong_pressure,flattening_rate,0.0,0.0,0.0,1000,42
llama31_8b,Llama-3.1-8B,truthfulqa_mc,cctp_logit_linear_min_alpha,wrong_pressure,mean_KL_clean_projected,0.02749968472906047,0.024647220588397703,0.030471411658932513,1000,42
mistral_7b,Mistral-7B,mmlu_pro,cctp_logit_linear_min_alpha,correct_pressure,mean_alpha,0.62522,0.5940715000000001,0.6568805,1000,42
mistral_7b,Mistral-7B,mmlu_pro,cctp_logit_linear_min_alpha,correct_pressure,median_alpha,0.78,0.725,0.82,1000,42
mistral_7b,Mistral-7B,mmlu_pro,cctp_logit_linear_min_alpha,correct_pressure,mean_history_retention,0.37477999999999995,0.3420835,0.4070205,1000,42
mistral_7b,Mistral-7B,mmlu_pro,cctp_logit_linear_min_alpha,correct_pressure,fraction_alpha_le_050,0.284,0.246,0.324,1000,42
mistral_7b,Mistral-7B,mmlu_pro,cctp_logit_linear_min_alpha,correct_pressure,fraction_alpha_eq_1,0.004,0.0,0.01,1000,42
mistral_7b,Mistral-7B,mmlu_pro,cctp_logit_linear_min_alpha,correct_pressure,clean_like_rate,1.0,1.0,1.0,1000,42
mistral_7b,Mistral-7B,mmlu_pro,cctp_logit_linear_min_alpha,correct_pressure,wrong_follow_rate,0.084,0.062,0.11,1000,42
mistral_7b,Mistral-7B,mmlu_pro,cctp_logit_linear_min_alpha,correct_pressure,mean_p_wrong,0.08592268538817907,0.06457811510185536,0.10993793427204654,1000,42
mistral_7b,Mistral-7B,mmlu_pro,cctp_logit_linear_min_alpha,correct_pressure,accuracy,0.326,0.286,0.366,1000,42
mistral_7b,Mistral-7B,mmlu_pro,cctp_logit_linear_min_alpha,correct_pressure,mean_p_correct,0.34963856483578387,0.3108200461337147,0.38721492184433753,1000,42
mistral_7b,Mistral-7B,mmlu_pro,cctp_logit_linear_min_alpha,correct_pressure,flattening_rate,0.0,0.0,0.0,1000,42
mistral_7b,Mistral-7B,mmlu_pro,cctp_logit_linear_min_alpha,correct_pressure,mean_KL_clean_projected,0.03170243554029617,0.02883741220098951,0.03456490463967971,1000,42
mistral_7b,Mistral-7B,mmlu_pro,cctp_logit_linear_min_alpha,wrong_pressure,mean_alpha,0.65908,0.6343759999999999,0.68742,1000,42
mistral_7b,Mistral-7B,mmlu_pro,cctp_logit_linear_min_alpha,wrong_pressure,median_alpha,0.76,0.71,0.79,1000,42
mistral_7b,Mistral-7B,mmlu_pro,cctp_logit_linear_min_alpha,wrong_pressure,mean_history_retention,0.34091999999999995,0.31339949999999994,0.368623,1000,42
mistral_7b,Mistral-7B,mmlu_pro,cctp_logit_linear_min_alpha,wrong_pressure,fraction_alpha_le_050,0.226,0.192,0.266,1000,42
mistral_7b,Mistral-7B,mmlu_pro,cctp_logit_linear_min_alpha,wrong_pressure,fraction_alpha_eq_1,0.004,0.0,0.01,1000,42
mistral_7b,Mistral-7B,mmlu_pro,cctp_logit_linear_min_alpha,wrong_pressure,clean_like_rate,1.0,1.0,1.0,1000,42
mistral_7b,Mistral-7B,mmlu_pro,cctp_logit_linear_min_alpha,wrong_pressure,wrong_follow_rate,0.084,0.06,0.108,1000,42
mistral_7b,Mistral-7B,mmlu_pro,cctp_logit_linear_min_alpha,wrong_pressure,mean_p_wrong,0.1099301077740995,0.08715980015071288,0.13310091341693106,1000,42
mistral_7b,Mistral-7B,mmlu_pro,cctp_logit_linear_min_alpha,wrong_pressure,accuracy,0.326,0.28595,0.366,1000,42
mistral_7b,Mistral-7B,mmlu_pro,cctp_logit_linear_min_alpha,wrong_pressure,mean_p_correct,0.3105438302544251,0.2771872035798671,0.3446983000411129,1000,42
mistral_7b,Mistral-7B,mmlu_pro,cctp_logit_linear_min_alpha,wrong_pressure,flattening_rate,0.0,0.0,0.0,1000,42
mistral_7b,Mistral-7B,mmlu_pro,cctp_logit_linear_min_alpha,wrong_pressure,mean_KL_clean_projected,0.029971811002728138,0.02746145745940023,0.03270506906383759,1000,42
mistral_7b,Mistral-7B,truthfulqa_mc,cctp_logit_linear_min_alpha,correct_pressure,mean_alpha,0.25745999999999997,0.2271385,0.28955000000000003,1000,42
mistral_7b,Mistral-7B,truthfulqa_mc,cctp_logit_linear_min_alpha,correct_pressure,median_alpha,0.0,0.0,0.0,1000,42
mistral_7b,Mistral-7B,truthfulqa_mc,cctp_logit_linear_min_alpha,correct_pressure,mean_history_retention,0.74254,0.711575,0.771725,1000,42
mistral_7b,Mistral-7B,truthfulqa_mc,cctp_logit_linear_min_alpha,correct_pressure,fraction_alpha_le_050,0.714,0.674,0.754,1000,42
mistral_7b,Mistral-7B,truthfulqa_mc,cctp_logit_linear_min_alpha,correct_pressure,fraction_alpha_eq_1,0.0,0.0,0.0,1000,42
mistral_7b,Mistral-7B,truthfulqa_mc,cctp_logit_linear_min_alpha,correct_pressure,clean_like_rate,1.0,1.0,1.0,1000,42
mistral_7b,Mistral-7B,truthfulqa_mc,cctp_logit_linear_min_alpha,correct_pressure,wrong_follow_rate,0.102,0.076,0.13,1000,42
mistral_7b,Mistral-7B,truthfulqa_mc,cctp_logit_linear_min_alpha,correct_pressure,mean_p_wrong,0.10167180451752705,0.07571574765490832,0.1272911392534486,1000,42
mistral_7b,Mistral-7B,truthfulqa_mc,cctp_logit_linear_min_alpha,correct_pressure,accuracy,0.65,0.612,0.692,1000,42
mistral_7b,Mistral-7B,truthfulqa_mc,cctp_logit_linear_min_alpha,correct_pressure,mean_p_correct,0.6590982855556249,0.6177385992763806,0.6953062921448235,1000,42
mistral_7b,Mistral-7B,truthfulqa_mc,cctp_logit_linear_min_alpha,correct_pressure,flattening_rate,0.0,0.0,0.0,1000,42
mistral_7b,Mistral-7B,truthfulqa_mc,cctp_logit_linear_min_alpha,correct_pressure,mean_KL_clean_projected,0.015835420884672186,0.013824295987609246,0.018060510962617245,1000,42
mistral_7b,Mistral-7B,truthfulqa_mc,cctp_logit_linear_min_alpha,wrong_pressure,mean_alpha,0.31762,0.28681,0.3476255,1000,42
mistral_7b,Mistral-7B,truthfulqa_mc,cctp_logit_linear_min_alpha,wrong_pressure,median_alpha,0.27,0.04475000000000001,0.35,1000,42
mistral_7b,Mistral-7B,truthfulqa_mc,cctp_logit_linear_min_alpha,wrong_pressure,mean_history_retention,0.6823800000000001,0.6541189999999999,0.71266,1000,42
mistral_7b,Mistral-7B,truthfulqa_mc,cctp_logit_linear_min_alpha,wrong_pressure,fraction_alpha_le_050,0.698,0.656,0.738,1000,42
mistral_7b,Mistral-7B,truthfulqa_mc,cctp_logit_linear_min_alpha,wrong_pressure,fraction_alpha_eq_1,0.002,0.0,0.006,1000,42
mistral_7b,Mistral-7B,truthfulqa_mc,cctp_logit_linear_min_alpha,wrong_pressure,clean_like_rate,1.0,1.0,1.0,1000,42
mistral_7b,Mistral-7B,truthfulqa_mc,cctp_logit_linear_min_alpha,wrong_pressure,wrong_follow_rate,0.102,0.07795,0.12804999999999997,1000,42
mistral_7b,Mistral-7B,truthfulqa_mc,cctp_logit_linear_min_alpha,wrong_pressure,mean_p_wrong,0.11255155252344924,0.08882199520203093,0.138562623693859,1000,42
mistral_7b,Mistral-7B,truthfulqa_mc,cctp_logit_linear_min_alpha,wrong_pressure,accuracy,0.65,0.608,0.69,1000,42
mistral_7b,Mistral-7B,truthfulqa_mc,cctp_logit_linear_min_alpha,wrong_pressure,mean_p_correct,0.642842407651888,0.6073577633512647,0.6803728508605459,1000,42
mistral_7b,Mistral-7B,truthfulqa_mc,cctp_logit_linear_min_alpha,wrong_pressure,flattening_rate,0.0,0.0,0.0,1000,42
mistral_7b,Mistral-7B,truthfulqa_mc,cctp_logit_linear_min_alpha,wrong_pressure,mean_KL_clean_projected,0.019167568910474705,0.01711109201348817,0.021148424349103696,1000,42
qwen25_14b,Qwen2.5-14B,mmlu_pro,cctp_logit_linear_min_alpha,correct_pressure,mean_alpha,0.47644,0.43968050000000003,0.5172665,1000,42
qwen25_14b,Qwen2.5-14B,mmlu_pro,cctp_logit_linear_min_alpha,correct_pressure,median_alpha,0.555,0.415,0.67,1000,42
qwen25_14b,Qwen2.5-14B,mmlu_pro,cctp_logit_linear_min_alpha,correct_pressure,mean_history_retention,0.5235599999999999,0.487119,0.5618044999999999,1000,42
qwen25_14b,Qwen2.5-14B,mmlu_pro,cctp_logit_linear_min_alpha,correct_pressure,fraction_alpha_le_050,0.484,0.44,0.52805,1000,42
qwen25_14b,Qwen2.5-14B,mmlu_pro,cctp_logit_linear_min_alpha,correct_pressure,fraction_alpha_eq_1,0.02,0.01,0.032,1000,42
qwen25_14b,Qwen2.5-14B,mmlu_pro,cctp_logit_linear_min_alpha,correct_pressure,clean_like_rate,1.0,1.0,1.0,1000,42
qwen25_14b,Qwen2.5-14B,mmlu_pro,cctp_logit_linear_min_alpha,correct_pressure,wrong_follow_rate,0.084,0.061950000000000005,0.11004999999999995,1000,42
qwen25_14b,Qwen2.5-14B,mmlu_pro,cctp_logit_linear_min_alpha,correct_pressure,mean_p_wrong,0.08024270626280114,0.058241094373939664,0.10299080794511971,1000,42
qwen25_14b,Qwen2.5-14B,mmlu_pro,cctp_logit_linear_min_alpha,correct_pressure,accuracy,0.456,0.412,0.50205,1000,42
qwen25_14b,Qwen2.5-14B,mmlu_pro,cctp_logit_linear_min_alpha,correct_pressure,mean_p_correct,0.47428095718263147,0.4352425747999794,0.5178984498630966,1000,42
qwen25_14b,Qwen2.5-14B,mmlu_pro,cctp_logit_linear_min_alpha,correct_pressure,flattening_rate,0.0,0.0,0.0,1000,42
qwen25_14b,Qwen2.5-14B,mmlu_pro,cctp_logit_linear_min_alpha,correct_pressure,mean_KL_clean_projected,0.0270524631874837,0.024236650087885288,0.030177889030911707,1000,42
qwen25_14b,Qwen2.5-14B,mmlu_pro,cctp_logit_linear_min_alpha,wrong_pressure,mean_alpha,0.4713,0.43601599999999996,0.5072355,1000,42
qwen25_14b,Qwen2.5-14B,mmlu_pro,cctp_logit_linear_min_alpha,wrong_pressure,median_alpha,0.56,0.39,0.6401249999999999,1000,42
qwen25_14b,Qwen2.5-14B,mmlu_pro,cctp_logit_linear_min_alpha,wrong_pressure,mean_history_retention,0.5287000000000001,0.49245900000000004,0.5649145,1000,42
qwen25_14b,Qwen2.5-14B,mmlu_pro,cctp_logit_linear_min_alpha,wrong_pressure,fraction_alpha_le_050,0.486,0.446,0.53,1000,42
qwen25_14b,Qwen2.5-14B,mmlu_pro,cctp_logit_linear_min_alpha,wrong_pressure,fraction_alpha_eq_1,0.024,0.012,0.04,1000,42
qwen25_14b,Qwen2.5-14B,mmlu_pro,cctp_logit_linear_min_alpha,wrong_pressure,clean_like_rate,1.0,1.0,1.0,1000,42
qwen25_14b,Qwen2.5-14B,mmlu_pro,cctp_logit_linear_min_alpha,wrong_pressure,wrong_follow_rate,0.084,0.06,0.10804999999999995,1000,42
qwen25_14b,Qwen2.5-14B,mmlu_pro,cctp_logit_linear_min_alpha,wrong_pressure,mean_p_wrong,0.09329069658854004,0.07175863681490798,0.11725668586670054,1000,42
qwen25_14b,Qwen2.5-14B,mmlu_pro,cctp_logit_linear_min_alpha,wrong_pressure,accuracy,0.456,0.41395,0.5,1000,42
qwen25_14b,Qwen2.5-14B,mmlu_pro,cctp_logit_linear_min_alpha,wrong_pressure,mean_p_correct,0.4542983281388075,0.4119913791325659,0.4965592658018525,1000,42
qwen25_14b,Qwen2.5-14B,mmlu_pro,cctp_logit_linear_min_alpha,wrong_pressure,flattening_rate,0.0,0.0,0.0,1000,42
qwen25_14b,Qwen2.5-14B,mmlu_pro,cctp_logit_linear_min_alpha,wrong_pressure,mean_KL_clean_projected,0.02995837265282507,0.026957921273400215,0.03312048863601112,1000,42
qwen25_14b,Qwen2.5-14B,truthfulqa_mc,cctp_logit_linear_min_alpha,correct_pressure,mean_alpha,0.18656,0.15517850000000002,0.21682449999999998,1000,42
qwen25_14b,Qwen2.5-14B,truthfulqa_mc,cctp_logit_linear_min_alpha,correct_pressure,median_alpha,0.0,0.0,0.0,1000,42
qwen25_14b,Qwen2.5-14B,truthfulqa_mc,cctp_logit_linear_min_alpha,correct_pressure,mean_history_retention,0.81344,0.7804725,0.8425125000000001,1000,42
qwen25_14b,Qwen2.5-14B,truthfulqa_mc,cctp_logit_linear_min_alpha,correct_pressure,fraction_alpha_le_050,0.798,0.75995,0.834,1000,42
qwen25_14b,Qwen2.5-14B,truthfulqa_mc,cctp_logit_linear_min_alpha,correct_pressure,fraction_alpha_eq_1,0.01,0.002,0.02,1000,42
qwen25_14b,Qwen2.5-14B,truthfulqa_mc,cctp_logit_linear_min_alpha,correct_pressure,clean_like_rate,1.0,1.0,1.0,1000,42
qwen25_14b,Qwen2.5-14B,truthfulqa_mc,cctp_logit_linear_min_alpha,correct_pressure,wrong_follow_rate,0.078,0.056,0.102,1000,42
qwen25_14b,Qwen2.5-14B,truthfulqa_mc,cctp_logit_linear_min_alpha,correct_pressure,mean_p_wrong,0.07560959538495521,0.054519618770965936,0.09791575033623327,1000,42
qwen25_14b,Qwen2.5-14B,truthfulqa_mc,cctp_logit_linear_min_alpha,correct_pressure,accuracy,0.762,0.724,0.8,1000,42
qwen25_14b,Qwen2.5-14B,truthfulqa_mc,cctp_logit_linear_min_alpha,correct_pressure,mean_p_correct,0.7671625956838234,0.7317750115169941,0.8034723850035224,1000,42
qwen25_14b,Qwen2.5-14B,truthfulqa_mc,cctp_logit_linear_min_alpha,correct_pressure,flattening_rate,0.0,0.0,0.0,1000,42
qwen25_14b,Qwen2.5-14B,truthfulqa_mc,cctp_logit_linear_min_alpha,correct_pressure,mean_KL_clean_projected,0.011828505407748508,0.009769355630764961,0.014091102732268093,1000,42
qwen25_14b,Qwen2.5-14B,truthfulqa_mc,cctp_logit_linear_min_alpha,wrong_pressure,mean_alpha,0.19816000000000003,0.166359,0.228383,1000,42
qwen25_14b,Qwen2.5-14B,truthfulqa_mc,cctp_logit_linear_min_alpha,wrong_pressure,median_alpha,0.0,0.0,0.0,1000,42
qwen25_14b,Qwen2.5-14B,truthfulqa_mc,cctp_logit_linear_min_alpha,wrong_pressure,mean_history_retention,0.80184,0.770415,0.8340405,1000,42
qwen25_14b,Qwen2.5-14B,truthfulqa_mc,cctp_logit_linear_min_alpha,wrong_pressure,fraction_alpha_le_050,0.784,0.75,0.82005,1000,42
qwen25_14b,Qwen2.5-14B,truthfulqa_mc,cctp_logit_linear_min_alpha,wrong_pressure,fraction_alpha_eq_1,0.008,0.002,0.016,1000,42
qwen25_14b,Qwen2.5-14B,truthfulqa_mc,cctp_logit_linear_min_alpha,wrong_pressure,clean_like_rate,1.0,1.0,1.0,1000,42
qwen25_14b,Qwen2.5-14B,truthfulqa_mc,cctp_logit_linear_min_alpha,wrong_pressure,wrong_follow_rate,0.078,0.054,0.102,1000,42
qwen25_14b,Qwen2.5-14B,truthfulqa_mc,cctp_logit_linear_min_alpha,wrong_pressure,mean_p_wrong,0.0775236500740833,0.05754783183497383,0.09977096677433656,1000,42
qwen25_14b,Qwen2.5-14B,truthfulqa_mc,cctp_logit_linear_min_alpha,wrong_pressure,accuracy,0.762,0.722,0.8,1000,42
qwen25_14b,Qwen2.5-14B,truthfulqa_mc,cctp_logit_linear_min_alpha,wrong_pressure,mean_p_correct,0.7627503215426392,0.7258409572420123,0.7987300141053411,1000,42
qwen25_14b,Qwen2.5-14B,truthfulqa_mc,cctp_logit_linear_min_alpha,wrong_pressure,flattening_rate,0.0,0.0,0.0,1000,42
qwen25_14b,Qwen2.5-14B,truthfulqa_mc,cctp_logit_linear_min_alpha,wrong_pressure,mean_KL_clean_projected,0.011596740450538025,0.009327382908677259,0.013799956050805131,1000,42
qwen25_15b,Qwen2.5-1.5B,mmlu_pro,cctp_logit_linear_min_alpha,correct_pressure,mean_alpha,0.67844,0.6463994999999999,0.7072435,1000,42
qwen25_15b,Qwen2.5-1.5B,mmlu_pro,cctp_logit_linear_min_alpha,correct_pressure,median_alpha,0.83,0.81,0.85,1000,42
qwen25_15b,Qwen2.5-1.5B,mmlu_pro,cctp_logit_linear_min_alpha,correct_pressure,mean_history_retention,0.32156,0.29191949999999994,0.34958600000000006,1000,42
qwen25_15b,Qwen2.5-1.5B,mmlu_pro,cctp_logit_linear_min_alpha,correct_pressure,fraction_alpha_le_050,0.224,0.188,0.262,1000,42
qwen25_15b,Qwen2.5-1.5B,mmlu_pro,cctp_logit_linear_min_alpha,correct_pressure,fraction_alpha_eq_1,0.018,0.008,0.03,1000,42
qwen25_15b,Qwen2.5-1.5B,mmlu_pro,cctp_logit_linear_min_alpha,correct_pressure,clean_like_rate,1.0,1.0,1.0,1000,42
qwen25_15b,Qwen2.5-1.5B,mmlu_pro,cctp_logit_linear_min_alpha,correct_pressure,wrong_follow_rate,0.082,0.06,0.10604999999999995,1000,42
qwen25_15b,Qwen2.5-1.5B,mmlu_pro,cctp_logit_linear_min_alpha,correct_pressure,mean_p_wrong,0.08777046757574464,0.07061592753704729,0.10683579570061055,1000,42
qwen25_15b,Qwen2.5-1.5B,mmlu_pro,cctp_logit_linear_min_alpha,correct_pressure,accuracy,0.278,0.236,0.314,1000,42
qwen25_15b,Qwen2.5-1.5B,mmlu_pro,cctp_logit_linear_min_alpha,correct_pressure,mean_p_correct,0.31119983326732586,0.27546776225548286,0.3455899473625575,1000,42
qwen25_15b,Qwen2.5-1.5B,mmlu_pro,cctp_logit_linear_min_alpha,correct_pressure,flattening_rate,0.0,0.0,0.0,1000,42
qwen25_15b,Qwen2.5-1.5B,mmlu_pro,cctp_logit_linear_min_alpha,correct_pressure,mean_KL_clean_projected,0.03321154897419731,0.03008883313068924,0.036194756671756284,1000,42
qwen25_15b,Qwen2.5-1.5B,mmlu_pro,cctp_logit_linear_min_alpha,wrong_pressure,mean_alpha,0.7183999999999999,0.6898200000000001,0.7457419999999999,1000,42
qwen25_15b,Qwen2.5-1.5B,mmlu_pro,cctp_logit_linear_min_alpha,wrong_pressure,median_alpha,0.84,0.82,0.85,1000,42
qwen25_15b,Qwen2.5-1.5B,mmlu_pro,cctp_logit_linear_min_alpha,wrong_pressure,mean_history_retention,0.2816,0.255438,0.30736050000000004,1000,42
qwen25_15b,Qwen2.5-1.5B,mmlu_pro,cctp_logit_linear_min_alpha,wrong_pressure,fraction_alpha_le_050,0.166,0.136,0.2,1000,42
qwen25_15b,Qwen2.5-1.5B,mmlu_pro,cctp_logit_linear_min_alpha,wrong_pressure,fraction_alpha_eq_1,0.018,0.008,0.03,1000,42
qwen25_15b,Qwen2.5-1.5B,mmlu_pro,cctp_logit_linear_min_alpha,wrong_pressure,clean_like_rate,1.0,1.0,1.0,1000,42
qwen25_15b,Qwen2.5-1.5B,mmlu_pro,cctp_logit_linear_min_alpha,wrong_pressure,wrong_follow_rate,0.082,0.06,0.108,1000,42
qwen25_15b,Qwen2.5-1.5B,mmlu_pro,cctp_logit_linear_min_alpha,wrong_pressure,mean_p_wrong,0.11813795837099694,0.09764376435099757,0.1388051009690243,1000,42
qwen25_15b,Qwen2.5-1.5B,mmlu_pro,cctp_logit_linear_min_alpha,wrong_pressure,accuracy,0.278,0.242,0.318,1000,42
qwen25_15b,Qwen2.5-1.5B,mmlu_pro,cctp_logit_linear_min_alpha,wrong_pressure,mean_p_correct,0.26785743169229737,0.23574168071885312,0.30133670430552667,1000,42
qwen25_15b,Qwen2.5-1.5B,mmlu_pro,cctp_logit_linear_min_alpha,wrong_pressure,flattening_rate,0.0,0.0,0.0,1000,42
qwen25_15b,Qwen2.5-1.5B,mmlu_pro,cctp_logit_linear_min_alpha,wrong_pressure,mean_KL_clean_projected,0.027964721961889514,0.0252580803427654,0.030753300295786132,1000,42
qwen25_15b,Qwen2.5-1.5B,truthfulqa_mc,cctp_logit_linear_min_alpha,correct_pressure,mean_alpha,0.38351999999999997,0.3479785,0.41804099999999994,1000,42
qwen25_15b,Qwen2.5-1.5B,truthfulqa_mc,cctp_logit_linear_min_alpha,correct_pressure,median_alpha,0.21,0.0,0.43,1000,42
qwen25_15b,Qwen2.5-1.5B,truthfulqa_mc,cctp_logit_linear_min_alpha,correct_pressure,mean_history_retention,0.6164799999999999,0.5811985000000001,0.6522205,1000,42
qwen25_15b,Qwen2.5-1.5B,truthfulqa_mc,cctp_logit_linear_min_alpha,correct_pressure,fraction_alpha_le_050,0.564,0.522,0.608,1000,42
qwen25_15b,Qwen2.5-1.5B,truthfulqa_mc,cctp_logit_linear_min_alpha,correct_pressure,fraction_alpha_eq_1,0.006,0.0,0.014,1000,42
qwen25_15b,Qwen2.5-1.5B,truthfulqa_mc,cctp_logit_linear_min_alpha,correct_pressure,clean_like_rate,1.0,1.0,1.0,1000,42
qwen25_15b,Qwen2.5-1.5B,truthfulqa_mc,cctp_logit_linear_min_alpha,correct_pressure,wrong_follow_rate,0.162,0.13,0.196,1000,42
qwen25_15b,Qwen2.5-1.5B,truthfulqa_mc,cctp_logit_linear_min_alpha,correct_pressure,mean_p_wrong,0.16081438194785438,0.13334467746456938,0.18870640295552854,1000,42
qwen25_15b,Qwen2.5-1.5B,truthfulqa_mc,cctp_logit_linear_min_alpha,correct_pressure,accuracy,0.48,0.43395,0.522,1000,42
qwen25_15b,Qwen2.5-1.5B,truthfulqa_mc,cctp_logit_linear_min_alpha,correct_pressure,mean_p_correct,0.48907718196041744,0.44985549472705655,0.5279527481570495,1000,42
qwen25_15b,Qwen2.5-1.5B,truthfulqa_mc,cctp_logit_linear_min_alpha,correct_pressure,flattening_rate,0.0,0.0,0.0,1000,42
qwen25_15b,Qwen2.5-1.5B,truthfulqa_mc,cctp_logit_linear_min_alpha,correct_pressure,mean_KL_clean_projected,0.026336323593078945,0.023614224828156217,0.029431916656500145,1000,42
qwen25_15b,Qwen2.5-1.5B,truthfulqa_mc,cctp_logit_linear_min_alpha,wrong_pressure,mean_alpha,0.52728,0.49484000000000006,0.5574804999999999,1000,42
qwen25_15b,Qwen2.5-1.5B,truthfulqa_mc,cctp_logit_linear_min_alpha,wrong_pressure,median_alpha,0.63,0.59,0.665,1000,42
qwen25_15b,Qwen2.5-1.5B,truthfulqa_mc,cctp_logit_linear_min_alpha,wrong_pressure,mean_history_retention,0.47272,0.4422725,0.5019204999999999,1000,42
qwen25_15b,Qwen2.5-1.5B,truthfulqa_mc,cctp_logit_linear_min_alpha,wrong_pressure,fraction_alpha_le_050,0.376,0.332,0.42,1000,42
qwen25_15b,Qwen2.5-1.5B,truthfulqa_mc,cctp_logit_linear_min_alpha,wrong_pressure,fraction_alpha_eq_1,0.006,0.0,0.014,1000,42
qwen25_15b,Qwen2.5-1.5B,truthfulqa_mc,cctp_logit_linear_min_alpha,wrong_pressure,clean_like_rate,1.0,1.0,1.0,1000,42
qwen25_15b,Qwen2.5-1.5B,truthfulqa_mc,cctp_logit_linear_min_alpha,wrong_pressure,wrong_follow_rate,0.162,0.13,0.194,1000,42
qwen25_15b,Qwen2.5-1.5B,truthfulqa_mc,cctp_logit_linear_min_alpha,wrong_pressure,mean_p_wrong,0.18163668556445034,0.15249805514668627,0.21025616179013817,1000,42
qwen25_15b,Qwen2.5-1.5B,truthfulqa_mc,cctp_logit_linear_min_alpha,wrong_pressure,accuracy,0.48,0.438,0.524,1000,42
qwen25_15b,Qwen2.5-1.5B,truthfulqa_mc,cctp_logit_linear_min_alpha,wrong_pressure,mean_p_correct,0.4638154895374488,0.41981343889425876,0.5059883897797445,1000,42
qwen25_15b,Qwen2.5-1.5B,truthfulqa_mc,cctp_logit_linear_min_alpha,wrong_pressure,flattening_rate,0.0,0.0,0.0,1000,42
qwen25_15b,Qwen2.5-1.5B,truthfulqa_mc,cctp_logit_linear_min_alpha,wrong_pressure,mean_KL_clean_projected,0.02809062503453351,0.025685710636598275,0.030717671287133864,1000,42
qwen25_7b,Qwen2.5-7B,mmlu_pro,cctp_logit_linear_min_alpha,correct_pressure,mean_alpha,0.5255799999999999,0.48892149999999995,0.5623425,1000,42
qwen25_7b,Qwen2.5-7B,mmlu_pro,cctp_logit_linear_min_alpha,correct_pressure,median_alpha,0.71,0.64,0.77,1000,42
qwen25_7b,Qwen2.5-7B,mmlu_pro,cctp_logit_linear_min_alpha,correct_pressure,mean_history_retention,0.47442,0.4356845,0.5132185000000001,1000,42
qwen25_7b,Qwen2.5-7B,mmlu_pro,cctp_logit_linear_min_alpha,correct_pressure,fraction_alpha_le_050,0.402,0.36195,0.44204999999999994,1000,42
qwen25_7b,Qwen2.5-7B,mmlu_pro,cctp_logit_linear_min_alpha,correct_pressure,fraction_alpha_eq_1,0.014,0.004,0.024,1000,42
qwen25_7b,Qwen2.5-7B,mmlu_pro,cctp_logit_linear_min_alpha,correct_pressure,clean_like_rate,1.0,1.0,1.0,1000,42
qwen25_7b,Qwen2.5-7B,mmlu_pro,cctp_logit_linear_min_alpha,correct_pressure,wrong_follow_rate,0.084,0.06,0.108,1000,42
qwen25_7b,Qwen2.5-7B,mmlu_pro,cctp_logit_linear_min_alpha,correct_pressure,mean_p_wrong,0.07748434651452477,0.05660636533264132,0.09797958536779879,1000,42
qwen25_7b,Qwen2.5-7B,mmlu_pro,cctp_logit_linear_min_alpha,correct_pressure,accuracy,0.424,0.38,0.468,1000,42
qwen25_7b,Qwen2.5-7B,mmlu_pro,cctp_logit_linear_min_alpha,correct_pressure,mean_p_correct,0.4459294121304314,0.4036559297246565,0.48288333765787406,1000,42
qwen25_7b,Qwen2.5-7B,mmlu_pro,cctp_logit_linear_min_alpha,correct_pressure,flattening_rate,0.0,0.0,0.0,1000,42
qwen25_7b,Qwen2.5-7B,mmlu_pro,cctp_logit_linear_min_alpha,correct_pressure,mean_KL_clean_projected,0.03356481247660805,0.030302214629293972,0.03695217083365583,1000,42
qwen25_7b,Qwen2.5-7B,mmlu_pro,cctp_logit_linear_min_alpha,wrong_pressure,mean_alpha,0.5500200000000001,0.5125905000000001,0.5861204999999999,1000,42
qwen25_7b,Qwen2.5-7B,mmlu_pro,cctp_logit_linear_min_alpha,wrong_pressure,median_alpha,0.725,0.65,0.775125,1000,42
qwen25_7b,Qwen2.5-7B,mmlu_pro,cctp_logit_linear_min_alpha,wrong_pressure,mean_history_retention,0.44998,0.416796,0.486521,1000,42
qwen25_7b,Qwen2.5-7B,mmlu_pro,cctp_logit_linear_min_alpha,wrong_pressure,fraction_alpha_le_050,0.372,0.32995,0.414,1000,42
qwen25_7b,Qwen2.5-7B,mmlu_pro,cctp_logit_linear_min_alpha,wrong_pressure,fraction_alpha_eq_1,0.014,0.004,0.026,1000,42
qwen25_7b,Qwen2.5-7B,mmlu_pro,cctp_logit_linear_min_alpha,wrong_pressure,clean_like_rate,1.0,1.0,1.0,1000,42
qwen25_7b,Qwen2.5-7B,mmlu_pro,cctp_logit_linear_min_alpha,wrong_pressure,wrong_follow_rate,0.084,0.062,0.108,1000,42
qwen25_7b,Qwen2.5-7B,mmlu_pro,cctp_logit_linear_min_alpha,wrong_pressure,mean_p_wrong,0.09078610891338748,0.06995060300226469,0.11269287326273389,1000,42
qwen25_7b,Qwen2.5-7B,mmlu_pro,cctp_logit_linear_min_alpha,wrong_pressure,accuracy,0.424,0.382,0.466,1000,42
qwen25_7b,Qwen2.5-7B,mmlu_pro,cctp_logit_linear_min_alpha,wrong_pressure,mean_p_correct,0.42219902133604914,0.3811022308569985,0.46104126068171014,1000,42
qwen25_7b,Qwen2.5-7B,mmlu_pro,cctp_logit_linear_min_alpha,wrong_pressure,flattening_rate,0.0,0.0,0.0,1000,42
qwen25_7b,Qwen2.5-7B,mmlu_pro,cctp_logit_linear_min_alpha,wrong_pressure,mean_KL_clean_projected,0.03276156151087152,0.02951342637140392,0.03588887595271759,1000,42
qwen25_7b,Qwen2.5-7B,truthfulqa_mc,cctp_logit_linear_min_alpha,correct_pressure,mean_alpha,0.27536,0.24029450000000002,0.3090779999999999,1000,42
qwen25_7b,Qwen2.5-7B,truthfulqa_mc,cctp_logit_linear_min_alpha,correct_pressure,median_alpha,0.0,0.0,0.0,1000,42
qwen25_7b,Qwen2.5-7B,truthfulqa_mc,cctp_logit_linear_min_alpha,correct_pressure,mean_history_retention,0.72464,0.6894355000000001,0.7590105,1000,42
qwen25_7b,Qwen2.5-7B,truthfulqa_mc,cctp_logit_linear_min_alpha,correct_pressure,fraction_alpha_le_050,0.68,0.64,0.72205,1000,42
qwen25_7b,Qwen2.5-7B,truthfulqa_mc,cctp_logit_linear_min_alpha,correct_pressure,fraction_alpha_eq_1,0.014,0.004,0.026,1000,42
qwen25_7b,Qwen2.5-7B,truthfulqa_mc,cctp_logit_linear_min_alpha,correct_pressure,clean_like_rate,1.0,1.0,1.0,1000,42
qwen25_7b,Qwen2.5-7B,truthfulqa_mc,cctp_logit_linear_min_alpha,correct_pressure,wrong_follow_rate,0.102,0.078,0.128,1000,42
qwen25_7b,Qwen2.5-7B,truthfulqa_mc,cctp_logit_linear_min_alpha,correct_pressure,mean_p_wrong,0.09627258293344265,0.0719501996819984,0.1197037120441394,1000,42
qwen25_7b,Qwen2.5-7B,truthfulqa_mc,cctp_logit_linear_min_alpha,correct_pressure,accuracy,0.7,0.658,0.738,1000,42
qwen25_7b,Qwen2.5-7B,truthfulqa_mc,cctp_logit_linear_min_alpha,correct_pressure,mean_p_correct,0.7086283934118701,0.671358257467175,0.743861435536551,1000,42
qwen25_7b,Qwen2.5-7B,truthfulqa_mc,cctp_logit_linear_min_alpha,correct_pressure,flattening_rate,0.0,0.0,0.0,1000,42
qwen25_7b,Qwen2.5-7B,truthfulqa_mc,cctp_logit_linear_min_alpha,correct_pressure,mean_KL_clean_projected,0.01656538533184886,0.014094149386702408,0.019035196194496434,1000,42
qwen25_7b,Qwen2.5-7B,truthfulqa_mc,cctp_logit_linear_min_alpha,wrong_pressure,mean_alpha,0.27191999999999994,0.23814549999999998,0.3051425,1000,42
qwen25_7b,Qwen2.5-7B,truthfulqa_mc,cctp_logit_linear_min_alpha,wrong_pressure,median_alpha,0.0,0.0,0.0,1000,42
qwen25_7b,Qwen2.5-7B,truthfulqa_mc,cctp_logit_linear_min_alpha,wrong_pressure,mean_history_retention,0.72808,0.690759,0.7617625,1000,42
qwen25_7b,Qwen2.5-7B,truthfulqa_mc,cctp_logit_linear_min_alpha,wrong_pressure,fraction_alpha_le_050,0.698,0.65595,0.74005,1000,42
qwen25_7b,Qwen2.5-7B,truthfulqa_mc,cctp_logit_linear_min_alpha,wrong_pressure,fraction_alpha_eq_1,0.016,0.006,0.028,1000,42
qwen25_7b,Qwen2.5-7B,truthfulqa_mc,cctp_logit_linear_min_alpha,wrong_pressure,clean_like_rate,1.0,1.0,1.0,1000,42
qwen25_7b,Qwen2.5-7B,truthfulqa_mc,cctp_logit_linear_min_alpha,wrong_pressure,wrong_follow_rate,0.102,0.076,0.128,1000,42
qwen25_7b,Qwen2.5-7B,truthfulqa_mc,cctp_logit_linear_min_alpha,wrong_pressure,mean_p_wrong,0.0979295449849944,0.0737797765295338,0.12191286504960552,1000,42
qwen25_7b,Qwen2.5-7B,truthfulqa_mc,cctp_logit_linear_min_alpha,wrong_pressure,accuracy,0.7,0.65995,0.738,1000,42
qwen25_7b,Qwen2.5-7B,truthfulqa_mc,cctp_logit_linear_min_alpha,wrong_pressure,mean_p_correct,0.7040118037333195,0.6669389370979901,0.7438481979952035,1000,42
qwen25_7b,Qwen2.5-7B,truthfulqa_mc,cctp_logit_linear_min_alpha,wrong_pressure,flattening_rate,0.0,0.0,0.0,1000,42
qwen25_7b,Qwen2.5-7B,truthfulqa_mc,cctp_logit_linear_min_alpha,wrong_pressure,mean_KL_clean_projected,0.01797508879977467,0.015382313735807474,0.02073051558385524,1000,42
all_models,all_models,mmlu_pro,cctp_logit_linear_min_alpha,all,mean_alpha,0.5975128571428572,0.5884171785714285,0.6056217500000001,1000,42
all_models,all_models,mmlu_pro,cctp_logit_linear_min_alpha,all,median_alpha,0.77,0.76,0.78,1000,42
all_models,all_models,mmlu_pro,cctp_logit_linear_min_alpha,all,mean_history_retention,0.4024871428571428,0.39413992857142854,0.4105571428571428,1000,42
all_models,all_models,mmlu_pro,cctp_logit_linear_min_alpha,all,fraction_alpha_le_050,0.32,0.3091392857142857,0.33085714285714285,1000,42
all_models,all_models,mmlu_pro,cctp_logit_linear_min_alpha,all,fraction_alpha_eq_1,0.01742857142857143,0.014428571428571428,0.02057142857142857,1000,42
all_models,all_models,mmlu_pro,cctp_logit_linear_min_alpha,all,clean_like_rate,1.0,1.0,1.0,1000,42
all_models,all_models,mmlu_pro,cctp_logit_linear_min_alpha,all,wrong_follow_rate,0.08657142857142858,0.08028571428571428,0.09314642857142856,1000,42
all_models,all_models,mmlu_pro,cctp_logit_linear_min_alpha,all,mean_p_wrong,0.0944589959609453,0.08855122737104783,0.09994584362728601,1000,42
all_models,all_models,mmlu_pro,cctp_logit_linear_min_alpha,all,accuracy,0.37257142857142855,0.36114285714285715,0.383575,1000,42
all_models,all_models,mmlu_pro,cctp_logit_linear_min_alpha,all,mean_p_correct,0.36954749183067853,0.35961568954215833,0.3799945774203945,1000,42
all_models,all_models,mmlu_pro,cctp_logit_linear_min_alpha,all,flattening_rate,0.0,0.0,0.0,1000,42
all_models,all_models,mmlu_pro,cctp_logit_linear_min_alpha,all,mean_KL_clean_projected,0.03251403892706587,0.031732399396352036,0.03330440238665113,1000,42
all_models,all_models,truthfulqa_mc,cctp_logit_linear_min_alpha,all,mean_alpha,0.31632857142857146,0.3074479642857143,0.3251522857142857,1000,42
all_models,all_models,truthfulqa_mc,cctp_logit_linear_min_alpha,all,median_alpha,0.0,0.0,0.0,1000,42
all_models,all_models,truthfulqa_mc,cctp_logit_linear_min_alpha,all,mean_history_retention,0.6836714285714286,0.6750084285714286,0.6923397142857144,1000,42
all_models,all_models,truthfulqa_mc,cctp_logit_linear_min_alpha,all,fraction_alpha_le_050,0.6405714285714286,0.6297107142857142,0.6524285714285715,1000,42
all_models,all_models,truthfulqa_mc,cctp_logit_linear_min_alpha,all,fraction_alpha_eq_1,0.005714285714285714,0.004,0.007714285714285714,1000,42
all_models,all_models,truthfulqa_mc,cctp_logit_linear_min_alpha,all,clean_like_rate,1.0,1.0,1.0,1000,42
all_models,all_models,truthfulqa_mc,cctp_logit_linear_min_alpha,all,wrong_follow_rate,0.11457142857142857,0.10714285714285714,0.12157142857142857,1000,42
all_models,all_models,truthfulqa_mc,cctp_logit_linear_min_alpha,all,mean_p_wrong,0.11616365335604924,0.10947560433687803,0.12313231651790266,1000,42
all_models,all_models,truthfulqa_mc,cctp_logit_linear_min_alpha,all,accuracy,0.6514285714285715,0.6398571428571429,0.6622857142857143,1000,42
all_models,all_models,truthfulqa_mc,cctp_logit_linear_min_alpha,all,mean_p_correct,0.6487687272563016,0.6383299751515883,0.6595496290178565,1000,42
all_models,all_models,truthfulqa_mc,cctp_logit_linear_min_alpha,all,flattening_rate,0.0,0.0,0.0,1000,42
all_models,all_models,truthfulqa_mc,cctp_logit_linear_min_alpha,all,mean_KL_clean_projected,0.019589957882806857,0.018947864391463183,0.020261195112125326,1000,42
all_models,all_models,mmlu_minus_truthfulqa,cctp_logit_linear_min_alpha,all,mean_alpha_mmlu_minus_truthfulqa,0.2811842857142857,0.26974235714285705,0.2946487857142857,1000,42
