model_key,model,dataset,pressure_type,condition,alpha_bucket,n_items,clean_like_rate,wrong_follow_rate,mean_p_wrong,accuracy,mean_p_correct
gemma2_2b,Gemma-2-2B,mmlu_pro,correct_pressure,cctp_logit_linear_min_alpha,alpha_000,90,1.0,0.044444444444444446,0.044387346339993715,0.8333333333333334,0.8324919722997033
gemma2_2b,Gemma-2-2B,mmlu_pro,correct_pressure,cctp_logit_linear_min_alpha,alpha_011_025,4,1.0,0.0,0.0004705264095652892,0.5,0.5017898955258646
gemma2_2b,Gemma-2-2B,mmlu_pro,correct_pressure,cctp_logit_linear_min_alpha,alpha_026_050,15,1.0,0.06666666666666667,0.06747767407476692,0.4,0.4121444582643494
gemma2_2b,Gemma-2-2B,mmlu_pro,correct_pressure,cctp_logit_linear_min_alpha,alpha_051_075,45,1.0,0.1111111111111111,0.11264300003507807,0.2222222222222222,0.23567746197464154
gemma2_2b,Gemma-2-2B,mmlu_pro,correct_pressure,cctp_logit_linear_min_alpha,alpha_076_099,338,1.0,0.12130177514792899,0.10716927082377357,0.13609467455621302,0.16431907109074304
gemma2_2b,Gemma-2-2B,mmlu_pro,correct_pressure,cctp_logit_linear_min_alpha,alpha_100,8,1.0,0.125,0.10737308655449297,0.125,0.12503973281041217
gemma2_2b,Gemma-2-2B,mmlu_pro,wrong_pressure,cctp_logit_linear_min_alpha,alpha_000,57,1.0,0.24561403508771928,0.24534307222065777,0.40350877192982454,0.4032726047353607
gemma2_2b,Gemma-2-2B,mmlu_pro,wrong_pressure,cctp_logit_linear_min_alpha,alpha_001_010,3,1.0,0.3333333333333333,0.26758714008734524,0.3333333333333333,0.3435075737246201
gemma2_2b,Gemma-2-2B,mmlu_pro,wrong_pressure,cctp_logit_linear_min_alpha,alpha_011_025,1,1.0,0.0,0.04840675386113829,0.0,2.9533268915741525e-05
gemma2_2b,Gemma-2-2B,mmlu_pro,wrong_pressure,cctp_logit_linear_min_alpha,alpha_026_050,9,1.0,0.2222222222222222,0.23750694688140495,0.3333333333333333,0.3231284955848862
gemma2_2b,Gemma-2-2B,mmlu_pro,wrong_pressure,cctp_logit_linear_min_alpha,alpha_051_075,65,1.0,0.07692307692307693,0.08665050412598002,0.49230769230769234,0.47785424948922456
gemma2_2b,Gemma-2-2B,mmlu_pro,wrong_pressure,cctp_logit_linear_min_alpha,alpha_076_099,355,1.0,0.08450704225352113,0.11413364555008847,0.22253521126760564,0.19733389722204991
gemma2_2b,Gemma-2-2B,mmlu_pro,wrong_pressure,cctp_logit_linear_min_alpha,alpha_100,10,1.0,0.0,0.14287583562590989,0.2,0.14507046852033806
gemma2_2b,Gemma-2-2B,truthfulqa_mc,correct_pressure,cctp_logit_linear_min_alpha,alpha_000,269,1.0,0.04460966542750929,0.044532860288783484,0.8810408921933085,0.8806502722793558
gemma2_2b,Gemma-2-2B,truthfulqa_mc,correct_pressure,cctp_logit_linear_min_alpha,alpha_001_010,2,1.0,0.0,0.0005330090410804169,1.0,0.9990514847991224
gemma2_2b,Gemma-2-2B,truthfulqa_mc,correct_pressure,cctp_logit_linear_min_alpha,alpha_011_025,3,1.0,0.0,0.007822286314022727,1.0,0.9885931125696295
gemma2_2b,Gemma-2-2B,truthfulqa_mc,correct_pressure,cctp_logit_linear_min_alpha,alpha_026_050,13,1.0,0.23076923076923078,0.22495381574434184,0.6153846153846154,0.6224376541860865
gemma2_2b,Gemma-2-2B,truthfulqa_mc,correct_pressure,cctp_logit_linear_min_alpha,alpha_051_075,57,1.0,0.2807017543859649,0.26720613856847375,0.14035087719298245,0.15696155568511944
gemma2_2b,Gemma-2-2B,truthfulqa_mc,correct_pressure,cctp_logit_linear_min_alpha,alpha_076_099,154,1.0,0.2662337662337662,0.26107961139391966,0.11688311688311688,0.12910491026226592
gemma2_2b,Gemma-2-2B,truthfulqa_mc,correct_pressure,cctp_logit_linear_min_alpha,alpha_100,2,1.0,0.0,0.05406267692682667,0.0,0.22969237999336836
gemma2_2b,Gemma-2-2B,truthfulqa_mc,wrong_pressure,cctp_logit_linear_min_alpha,alpha_000,190,1.0,0.21052631578947367,0.21059372374078247,0.6631578947368421,0.6628266463142374
gemma2_2b,Gemma-2-2B,truthfulqa_mc,wrong_pressure,cctp_logit_linear_min_alpha,alpha_001_010,3,1.0,0.0,0.03035245955628314,0.6666666666666666,0.6527084659164536
gemma2_2b,Gemma-2-2B,truthfulqa_mc,wrong_pressure,cctp_logit_linear_min_alpha,alpha_011_025,10,1.0,0.3,0.3001553079861152,0.4,0.39395609933002584
gemma2_2b,Gemma-2-2B,truthfulqa_mc,wrong_pressure,cctp_logit_linear_min_alpha,alpha_026_050,7,1.0,0.2857142857142857,0.2960852588471273,0.7142857142857143,0.7022317647707528
gemma2_2b,Gemma-2-2B,truthfulqa_mc,wrong_pressure,cctp_logit_linear_min_alpha,alpha_051_075,117,1.0,0.05982905982905983,0.0779148392737417,0.6495726495726496,0.6295460374319194
gemma2_2b,Gemma-2-2B,truthfulqa_mc,wrong_pressure,cctp_logit_linear_min_alpha,alpha_076_099,172,1.0,0.11627906976744186,0.14476695347720708,0.36627906976744184,0.3367869553062627
gemma2_2b,Gemma-2-2B,truthfulqa_mc,wrong_pressure,cctp_logit_linear_min_alpha,alpha_100,1,1.0,0.0,0.06807729932838752,0.0,0.440467409501162
gemma2_9b,Gemma-2-9B,mmlu_pro,correct_pressure,cctp_logit_linear_min_alpha,alpha_000,201,1.0,0.04477611940298507,0.044836659413187194,0.6666666666666666,0.6662197305854601
gemma2_9b,Gemma-2-9B,mmlu_pro,correct_pressure,cctp_logit_linear_min_alpha,alpha_001_010,2,1.0,0.0,0.0005695684613781004,0.5,0.4982145289273011
gemma2_9b,Gemma-2-9B,mmlu_pro,correct_pressure,cctp_logit_linear_min_alpha,alpha_011_025,7,1.0,0.14285714285714285,0.1370226017407115,0.5714285714285714,0.5739964533724348
gemma2_9b,Gemma-2-9B,mmlu_pro,correct_pressure,cctp_logit_linear_min_alpha,alpha_026_050,12,1.0,0.08333333333333333,0.08121556355774817,0.5,0.5091534727309254
gemma2_9b,Gemma-2-9B,mmlu_pro,correct_pressure,cctp_logit_linear_min_alpha,alpha_051_075,52,1.0,0.07692307692307693,0.08671171961176595,0.40384615384615385,0.39097921071490077
gemma2_9b,Gemma-2-9B,mmlu_pro,correct_pressure,cctp_logit_linear_min_alpha,alpha_076_099,224,1.0,0.10714285714285714,0.09632703274411068,0.21875,0.22557307350452152
gemma2_9b,Gemma-2-9B,mmlu_pro,correct_pressure,cctp_logit_linear_min_alpha,alpha_100,2,1.0,0.0,0.0496170959225843,0.0,0.12737398369440042
gemma2_9b,Gemma-2-9B,mmlu_pro,wrong_pressure,cctp_logit_linear_min_alpha,alpha_000,188,1.0,0.047872340425531915,0.04812529737704793,0.6542553191489362,0.6538972622210907
gemma2_9b,Gemma-2-9B,mmlu_pro,wrong_pressure,cctp_logit_linear_min_alpha,alpha_001_010,3,1.0,0.3333333333333333,0.3353346040289857,0.3333333333333333,0.3311498286196059
gemma2_9b,Gemma-2-9B,mmlu_pro,wrong_pressure,cctp_logit_linear_min_alpha,alpha_011_025,10,1.0,0.0,0.0034580759930403263,0.3,0.2896474608763674
gemma2_9b,Gemma-2-9B,mmlu_pro,wrong_pressure,cctp_logit_linear_min_alpha,alpha_026_050,13,1.0,0.15384615384615385,0.15584720674062297,0.38461538461538464,0.39188005266961284
gemma2_9b,Gemma-2-9B,mmlu_pro,wrong_pressure,cctp_logit_linear_min_alpha,alpha_051_075,42,1.0,0.11904761904761904,0.12742777060942803,0.38095238095238093,0.38163430741181825
gemma2_9b,Gemma-2-9B,mmlu_pro,wrong_pressure,cctp_logit_linear_min_alpha,alpha_076_099,241,1.0,0.0912863070539419,0.10862556323682648,0.27800829875518673,0.24207355555023016
gemma2_9b,Gemma-2-9B,mmlu_pro,wrong_pressure,cctp_logit_linear_min_alpha,alpha_100,3,1.0,0.0,0.129852637574558,0.0,0.1018649507900828
gemma2_9b,Gemma-2-9B,truthfulqa_mc,correct_pressure,cctp_logit_linear_min_alpha,alpha_000,398,1.0,0.05025125628140704,0.05035829138971235,0.8869346733668342,0.8866398348402592
gemma2_9b,Gemma-2-9B,truthfulqa_mc,correct_pressure,cctp_logit_linear_min_alpha,alpha_011_025,2,1.0,0.0,1.9954853664455062e-05,1.0,0.9995184677158757
gemma2_9b,Gemma-2-9B,truthfulqa_mc,correct_pressure,cctp_logit_linear_min_alpha,alpha_026_050,5,1.0,0.2,0.20058792249768506,0.0,0.0017922785522318414
gemma2_9b,Gemma-2-9B,truthfulqa_mc,correct_pressure,cctp_logit_linear_min_alpha,alpha_051_075,18,1.0,0.2222222222222222,0.22705067669050624,0.3333333333333333,0.33529280668432
gemma2_9b,Gemma-2-9B,truthfulqa_mc,correct_pressure,cctp_logit_linear_min_alpha,alpha_076_099,77,1.0,0.23376623376623376,0.23342404336663458,0.4025974025974026,0.3732916996630937
gemma2_9b,Gemma-2-9B,truthfulqa_mc,wrong_pressure,cctp_logit_linear_min_alpha,alpha_000,391,1.0,0.028132992327365727,0.028233994387870647,0.9130434782608695,0.9129293420262352
gemma2_9b,Gemma-2-9B,truthfulqa_mc,wrong_pressure,cctp_logit_linear_min_alpha,alpha_001_010,2,1.0,0.0,4.540355434468521e-05,0.5,0.4999496797029309
gemma2_9b,Gemma-2-9B,truthfulqa_mc,wrong_pressure,cctp_logit_linear_min_alpha,alpha_011_025,1,1.0,0.0,6.258724001050365e-07,0.0,0.00023279307917798878
gemma2_9b,Gemma-2-9B,truthfulqa_mc,wrong_pressure,cctp_logit_linear_min_alpha,alpha_026_050,6,1.0,0.16666666666666666,0.16728386254265634,0.16666666666666666,0.16806515115115225
gemma2_9b,Gemma-2-9B,truthfulqa_mc,wrong_pressure,cctp_logit_linear_min_alpha,alpha_051_075,25,1.0,0.32,0.3136788548995106,0.44,0.4417772450493833
gemma2_9b,Gemma-2-9B,truthfulqa_mc,wrong_pressure,cctp_logit_linear_min_alpha,alpha_076_099,75,1.0,0.30666666666666664,0.29925565659401515,0.29333333333333333,0.269445948434074
llama31_8b,Llama-3.1-8B,mmlu_pro,correct_pressure,cctp_logit_linear_min_alpha,alpha_000,43,1.0,0.09302325581395349,0.06642282315821044,0.7209302325581395,0.6817166982284715
llama31_8b,Llama-3.1-8B,mmlu_pro,correct_pressure,cctp_logit_linear_min_alpha,alpha_001_010,11,1.0,0.09090909090909091,0.09706209514025459,0.6363636363636364,0.6287925487996554
llama31_8b,Llama-3.1-8B,mmlu_pro,correct_pressure,cctp_logit_linear_min_alpha,alpha_011_025,19,1.0,0.05263157894736842,0.05479665126685068,0.6842105263157895,0.6291425470729163
llama31_8b,Llama-3.1-8B,mmlu_pro,correct_pressure,cctp_logit_linear_min_alpha,alpha_026_050,73,1.0,0.0547945205479452,0.0551401528725786,0.4794520547945205,0.45352715014582545
llama31_8b,Llama-3.1-8B,mmlu_pro,correct_pressure,cctp_logit_linear_min_alpha,alpha_051_075,159,1.0,0.07547169811320754,0.08443600300097356,0.4025157232704403,0.3564286110570565
llama31_8b,Llama-3.1-8B,mmlu_pro,correct_pressure,cctp_logit_linear_min_alpha,alpha_076_099,178,1.0,0.11797752808988764,0.09909189939945688,0.3089887640449438,0.28349685741259045
llama31_8b,Llama-3.1-8B,mmlu_pro,correct_pressure,cctp_logit_linear_min_alpha,alpha_100,17,1.0,0.11764705882352941,0.06791555606733074,0.11764705882352941,0.12442033354910918
llama31_8b,Llama-3.1-8B,mmlu_pro,wrong_pressure,cctp_logit_linear_min_alpha,alpha_000,51,1.0,0.0392156862745098,0.03677892318528839,0.7647058823529411,0.7436732728467325
llama31_8b,Llama-3.1-8B,mmlu_pro,wrong_pressure,cctp_logit_linear_min_alpha,alpha_001_010,17,1.0,0.058823529411764705,0.06639567437839589,0.7058823529411765,0.6449992080399646
llama31_8b,Llama-3.1-8B,mmlu_pro,wrong_pressure,cctp_logit_linear_min_alpha,alpha_011_025,16,1.0,0.0625,0.08189355722674532,0.625,0.5384336496575677
llama31_8b,Llama-3.1-8B,mmlu_pro,wrong_pressure,cctp_logit_linear_min_alpha,alpha_026_050,73,1.0,0.1095890410958904,0.1251950281351631,0.4931506849315068,0.44440446068999856
llama31_8b,Llama-3.1-8B,mmlu_pro,wrong_pressure,cctp_logit_linear_min_alpha,alpha_051_075,144,1.0,0.13194444444444445,0.13745275793506762,0.3819444444444444,0.2994384068646903
llama31_8b,Llama-3.1-8B,mmlu_pro,wrong_pressure,cctp_logit_linear_min_alpha,alpha_076_099,175,1.0,0.07428571428571429,0.11702446245232614,0.2857142857142857,0.219334970667494
llama31_8b,Llama-3.1-8B,mmlu_pro,wrong_pressure,cctp_logit_linear_min_alpha,alpha_100,24,1.0,0.041666666666666664,0.06736195552054587,0.20833333333333334,0.18237618696391497
llama31_8b,Llama-3.1-8B,truthfulqa_mc,correct_pressure,cctp_logit_linear_min_alpha,alpha_000,118,1.0,0.1016949152542373,0.10189740340407295,0.7966101694915254,0.7820875838339243
llama31_8b,Llama-3.1-8B,truthfulqa_mc,correct_pressure,cctp_logit_linear_min_alpha,alpha_001_010,17,1.0,0.11764705882352941,0.12941993047992414,0.7647058823529411,0.7365163139719363
llama31_8b,Llama-3.1-8B,truthfulqa_mc,correct_pressure,cctp_logit_linear_min_alpha,alpha_011_025,43,1.0,0.023255813953488372,0.035927123934990764,0.8837209302325582,0.8384178525692789
llama31_8b,Llama-3.1-8B,truthfulqa_mc,correct_pressure,cctp_logit_linear_min_alpha,alpha_026_050,75,1.0,0.09333333333333334,0.10699705070748818,0.76,0.7132528816833945
llama31_8b,Llama-3.1-8B,truthfulqa_mc,correct_pressure,cctp_logit_linear_min_alpha,alpha_051_075,121,1.0,0.1487603305785124,0.14382508388076012,0.5619834710743802,0.5216603542188644
llama31_8b,Llama-3.1-8B,truthfulqa_mc,correct_pressure,cctp_logit_linear_min_alpha,alpha_076_099,124,1.0,0.1935483870967742,0.1963644780512473,0.3709677419354839,0.3560999448560417
llama31_8b,Llama-3.1-8B,truthfulqa_mc,correct_pressure,cctp_logit_linear_min_alpha,alpha_100,2,1.0,0.0,0.02001700186547365,0.0,0.48329747330068246
llama31_8b,Llama-3.1-8B,truthfulqa_mc,wrong_pressure,cctp_logit_linear_min_alpha,alpha_000,191,1.0,0.015706806282722512,0.017827899825303174,0.9267015706806283,0.9125256616132023
llama31_8b,Llama-3.1-8B,truthfulqa_mc,wrong_pressure,cctp_logit_linear_min_alpha,alpha_001_010,17,1.0,0.058823529411764705,0.065670520453004,0.8823529411764706,0.8493015464507274
llama31_8b,Llama-3.1-8B,truthfulqa_mc,wrong_pressure,cctp_logit_linear_min_alpha,alpha_011_025,19,1.0,0.05263157894736842,0.046259335085787015,0.7894736842105263,0.7702788547435553
llama31_8b,Llama-3.1-8B,truthfulqa_mc,wrong_pressure,cctp_logit_linear_min_alpha,alpha_026_050,46,1.0,0.10869565217391304,0.11819589430628094,0.6739130434782609,0.6306577486502052
llama31_8b,Llama-3.1-8B,truthfulqa_mc,wrong_pressure,cctp_logit_linear_min_alpha,alpha_051_075,91,1.0,0.15384615384615385,0.1655595903418921,0.4835164835164835,0.45383955152937844
llama31_8b,Llama-3.1-8B,truthfulqa_mc,wrong_pressure,cctp_logit_linear_min_alpha,alpha_076_099,132,1.0,0.2878787878787879,0.25635652955567156,0.25757575757575757,0.28341086844870184
llama31_8b,Llama-3.1-8B,truthfulqa_mc,wrong_pressure,cctp_logit_linear_min_alpha,alpha_100,4,1.0,0.5,0.16036376896172289,0.0,0.27627868872113304
mistral_7b,Mistral-7B,mmlu_pro,correct_pressure,cctp_logit_linear_min_alpha,alpha_000,99,1.0,0.020202020202020204,0.020805182543966516,0.8383838383838383,0.8378001041012176
mistral_7b,Mistral-7B,mmlu_pro,correct_pressure,cctp_logit_linear_min_alpha,alpha_001_010,4,1.0,0.0,1.0267504043602876e-05,0.75,0.7457314026064303
mistral_7b,Mistral-7B,mmlu_pro,correct_pressure,cctp_logit_linear_min_alpha,alpha_011_025,6,1.0,0.16666666666666666,0.16191472211439797,0.3333333333333333,0.35069374358045896
mistral_7b,Mistral-7B,mmlu_pro,correct_pressure,cctp_logit_linear_min_alpha,alpha_026_050,33,1.0,0.15151515151515152,0.1473929762955566,0.42424242424242425,0.4290226340934424
mistral_7b,Mistral-7B,mmlu_pro,correct_pressure,cctp_logit_linear_min_alpha,alpha_051_075,94,1.0,0.07446808510638298,0.07897203395436538,0.09574468085106383,0.11124994096190494
mistral_7b,Mistral-7B,mmlu_pro,correct_pressure,cctp_logit_linear_min_alpha,alpha_076_099,262,1.0,0.10305343511450382,0.10505500728325405,0.1984732824427481,0.23594840062155906
mistral_7b,Mistral-7B,mmlu_pro,correct_pressure,cctp_logit_linear_min_alpha,alpha_100,2,1.0,0.0,0.059174450929008145,0.0,0.17813085080589453
mistral_7b,Mistral-7B,mmlu_pro,wrong_pressure,cctp_logit_linear_min_alpha,alpha_000,60,1.0,0.26666666666666666,0.26632124418950315,0.4166666666666667,0.4165019013742028
mistral_7b,Mistral-7B,mmlu_pro,wrong_pressure,cctp_logit_linear_min_alpha,alpha_001_010,3,1.0,0.3333333333333333,0.3403310181344054,0.3333333333333333,0.3224419199521406
mistral_7b,Mistral-7B,mmlu_pro,wrong_pressure,cctp_logit_linear_min_alpha,alpha_011_025,1,1.0,0.0,0.031776974193815574,1.0,0.9675939268403557
mistral_7b,Mistral-7B,mmlu_pro,wrong_pressure,cctp_logit_linear_min_alpha,alpha_026_050,49,1.0,0.08163265306122448,0.10136337087031795,0.5306122448979592,0.5196241659299478
mistral_7b,Mistral-7B,mmlu_pro,wrong_pressure,cctp_logit_linear_min_alpha,alpha_051_075,135,1.0,0.02962962962962963,0.04394170517192223,0.28888888888888886,0.2802033661954086
mistral_7b,Mistral-7B,mmlu_pro,wrong_pressure,cctp_logit_linear_min_alpha,alpha_076_099,250,1.0,0.068,0.10586001361230589,0.284,0.2602246174235976
mistral_7b,Mistral-7B,mmlu_pro,wrong_pressure,cctp_logit_linear_min_alpha,alpha_100,2,1.0,0.0,0.28453521657549163,0.0,0.0008442176083082789
mistral_7b,Mistral-7B,truthfulqa_mc,correct_pressure,cctp_logit_linear_min_alpha,alpha_000,303,1.0,0.0231023102310231,0.02319048087425479,0.9174917491749175,0.9173130986667132
mistral_7b,Mistral-7B,truthfulqa_mc,correct_pressure,cctp_logit_linear_min_alpha,alpha_001_010,3,1.0,0.0,0.017694570427213518,1.0,0.9638756015700592
mistral_7b,Mistral-7B,truthfulqa_mc,correct_pressure,cctp_logit_linear_min_alpha,alpha_011_025,14,1.0,0.14285714285714285,0.14524945118684376,0.5714285714285714,0.5633126392889459
mistral_7b,Mistral-7B,truthfulqa_mc,correct_pressure,cctp_logit_linear_min_alpha,alpha_026_050,37,1.0,0.1891891891891892,0.18845064705731834,0.2702702702702703,0.28233560048693834
mistral_7b,Mistral-7B,truthfulqa_mc,correct_pressure,cctp_logit_linear_min_alpha,alpha_051_075,62,1.0,0.24193548387096775,0.24339445809203403,0.08064516129032258,0.10162342175124386
mistral_7b,Mistral-7B,truthfulqa_mc,correct_pressure,cctp_logit_linear_min_alpha,alpha_076_099,81,1.0,0.24691358024691357,0.24270963189061703,0.25925925925925924,0.2972617377833226
mistral_7b,Mistral-7B,truthfulqa_mc,wrong_pressure,cctp_logit_linear_min_alpha,alpha_000,226,1.0,0.11061946902654868,0.11058785797958504,0.7743362831858407,0.7738855711189451
mistral_7b,Mistral-7B,truthfulqa_mc,wrong_pressure,cctp_logit_linear_min_alpha,alpha_001_010,6,1.0,0.0,0.016056511008668627,1.0,0.9694629416385004
mistral_7b,Mistral-7B,truthfulqa_mc,wrong_pressure,cctp_logit_linear_min_alpha,alpha_011_025,13,1.0,0.0,0.016370927933081276,0.7692307692307693,0.7481040399282674
mistral_7b,Mistral-7B,truthfulqa_mc,wrong_pressure,cctp_logit_linear_min_alpha,alpha_026_050,104,1.0,0.04807692307692308,0.06432365490182981,0.7115384615384616,0.6929281215821496
mistral_7b,Mistral-7B,truthfulqa_mc,wrong_pressure,cctp_logit_linear_min_alpha,alpha_051_075,76,1.0,0.15789473684210525,0.15907428487494174,0.40789473684210525,0.40210350043937215
mistral_7b,Mistral-7B,truthfulqa_mc,wrong_pressure,cctp_logit_linear_min_alpha,alpha_076_099,74,1.0,0.12162162162162163,0.1619572124579163,0.3783783783783784,0.37852620771102324
mistral_7b,Mistral-7B,truthfulqa_mc,wrong_pressure,cctp_logit_linear_min_alpha,alpha_100,1,1.0,0.0,0.20961974698465527,1.0,0.3456045356123802
qwen25_14b,Qwen2.5-14B,mmlu_pro,correct_pressure,cctp_logit_linear_min_alpha,alpha_000,200,1.0,0.02,0.019943893169954777,0.845,0.8448211870522779
qwen25_14b,Qwen2.5-14B,mmlu_pro,correct_pressure,cctp_logit_linear_min_alpha,alpha_001_010,4,1.0,0.25,0.2409196327867681,0.75,0.751500766777582
qwen25_14b,Qwen2.5-14B,mmlu_pro,correct_pressure,cctp_logit_linear_min_alpha,alpha_011_025,7,1.0,0.0,1.203202725153126e-10,0.2857142857142857,0.2942546915814042
qwen25_14b,Qwen2.5-14B,mmlu_pro,correct_pressure,cctp_logit_linear_min_alpha,alpha_026_050,31,1.0,0.1935483870967742,0.18774516652190396,0.22580645161290322,0.2420974094755053
qwen25_14b,Qwen2.5-14B,mmlu_pro,correct_pressure,cctp_logit_linear_min_alpha,alpha_051_075,42,1.0,0.11904761904761904,0.11577613658482454,0.11904761904761904,0.14300550942191712
qwen25_14b,Qwen2.5-14B,mmlu_pro,correct_pressure,cctp_logit_linear_min_alpha,alpha_076_099,206,1.0,0.12135922330097088,0.11642066235868392,0.20388349514563106,0.2298115463007825
qwen25_14b,Qwen2.5-14B,mmlu_pro,correct_pressure,cctp_logit_linear_min_alpha,alpha_100,10,1.0,0.1,0.05035416207897495,0.0,0.2258025645257639
qwen25_14b,Qwen2.5-14B,mmlu_pro,wrong_pressure,cctp_logit_linear_min_alpha,alpha_000,183,1.0,0.07650273224043716,0.07694731520454869,0.6885245901639344,0.6881241862229857
qwen25_14b,Qwen2.5-14B,mmlu_pro,wrong_pressure,cctp_logit_linear_min_alpha,alpha_001_010,8,1.0,0.0,0.0280183426986107,0.625,0.6074039136841404
qwen25_14b,Qwen2.5-14B,mmlu_pro,wrong_pressure,cctp_logit_linear_min_alpha,alpha_011_025,20,1.0,0.15,0.15957131351804096,0.65,0.6373831345186779
qwen25_14b,Qwen2.5-14B,mmlu_pro,wrong_pressure,cctp_logit_linear_min_alpha,alpha_026_050,32,1.0,0.03125,0.04526738662044176,0.46875,0.4578717397228133
qwen25_14b,Qwen2.5-14B,mmlu_pro,wrong_pressure,cctp_logit_linear_min_alpha,alpha_051_075,58,1.0,0.017241379310344827,0.02651362320468661,0.46551724137931033,0.4534902007926224
qwen25_14b,Qwen2.5-14B,mmlu_pro,wrong_pressure,cctp_logit_linear_min_alpha,alpha_076_099,187,1.0,0.12299465240641712,0.13195822244538172,0.21390374331550802,0.21536505427761551
qwen25_14b,Qwen2.5-14B,mmlu_pro,wrong_pressure,cctp_logit_linear_min_alpha,alpha_100,12,1.0,0.0,0.12382354040629723,0.16666666666666666,0.19899596031120473
qwen25_14b,Qwen2.5-14B,truthfulqa_mc,correct_pressure,cctp_logit_linear_min_alpha,alpha_000,376,1.0,0.03723404255319149,0.037424982150997786,0.898936170212766,0.8987804154951797
qwen25_14b,Qwen2.5-14B,truthfulqa_mc,correct_pressure,cctp_logit_linear_min_alpha,alpha_001_010,4,1.0,0.25,0.2435176629665283,0.25,0.2552142694514403
qwen25_14b,Qwen2.5-14B,truthfulqa_mc,correct_pressure,cctp_logit_linear_min_alpha,alpha_011_025,5,1.0,0.0,1.0608965737870104e-07,0.8,0.7952810485734686
qwen25_14b,Qwen2.5-14B,truthfulqa_mc,correct_pressure,cctp_logit_linear_min_alpha,alpha_026_050,14,1.0,0.14285714285714285,0.14124758881679397,0.6428571428571429,0.6342595076661185
qwen25_14b,Qwen2.5-14B,truthfulqa_mc,correct_pressure,cctp_logit_linear_min_alpha,alpha_051_075,21,1.0,0.2857142857142857,0.2812512539115879,0.3333333333333333,0.3360511216075528
qwen25_14b,Qwen2.5-14B,truthfulqa_mc,correct_pressure,cctp_logit_linear_min_alpha,alpha_076_099,75,1.0,0.21333333333333335,0.19406918309589016,0.28,0.31333779760428965
qwen25_14b,Qwen2.5-14B,truthfulqa_mc,correct_pressure,cctp_logit_linear_min_alpha,alpha_100,5,1.0,0.0,0.0640003827235623,0.2,0.2411115627290012
qwen25_14b,Qwen2.5-14B,truthfulqa_mc,wrong_pressure,cctp_logit_linear_min_alpha,alpha_000,371,1.0,0.04582210242587601,0.04582113725044528,0.876010781671159,0.8760087123806931
qwen25_14b,Qwen2.5-14B,truthfulqa_mc,wrong_pressure,cctp_logit_linear_min_alpha,alpha_001_010,2,1.0,0.5,0.5118307533962396,0.5,0.4881692465682738
qwen25_14b,Qwen2.5-14B,truthfulqa_mc,wrong_pressure,cctp_logit_linear_min_alpha,alpha_011_025,1,1.0,0.0,0.003926895468641729,1.0,0.973421812843231
qwen25_14b,Qwen2.5-14B,truthfulqa_mc,wrong_pressure,cctp_logit_linear_min_alpha,alpha_026_050,18,1.0,0.0,0.015274401036306673,0.7777777777777778,0.7631545503974142
qwen25_14b,Qwen2.5-14B,truthfulqa_mc,wrong_pressure,cctp_logit_linear_min_alpha,alpha_051_075,28,1.0,0.17857142857142858,0.18240106460360087,0.4642857142857143,0.46104755930403984
qwen25_14b,Qwen2.5-14B,truthfulqa_mc,wrong_pressure,cctp_logit_linear_min_alpha,alpha_076_099,76,1.0,0.21052631578947367,0.1977952108136925,0.32894736842105265,0.33972357589299085
qwen25_14b,Qwen2.5-14B,truthfulqa_mc,wrong_pressure,cctp_logit_linear_min_alpha,alpha_100,4,1.0,0.0,0.07999741636758795,0.5,0.490265709142203
qwen25_15b,Qwen2.5-1.5B,mmlu_pro,correct_pressure,cctp_logit_linear_min_alpha,alpha_000,82,1.0,0.024390243902439025,0.02458809087594438,0.7682926829268293,0.7662101302799307
qwen25_15b,Qwen2.5-1.5B,mmlu_pro,correct_pressure,cctp_logit_linear_min_alpha,alpha_001_010,2,1.0,0.0,6.218240176350707e-05,1.0,0.9971631012185938
qwen25_15b,Qwen2.5-1.5B,mmlu_pro,correct_pressure,cctp_logit_linear_min_alpha,alpha_011_025,7,1.0,0.0,0.0006498679532016157,0.42857142857142855,0.427308818411433
qwen25_15b,Qwen2.5-1.5B,mmlu_pro,correct_pressure,cctp_logit_linear_min_alpha,alpha_026_050,21,1.0,0.14285714285714285,0.13131011709506454,0.42857142857142855,0.43820025816904035
qwen25_15b,Qwen2.5-1.5B,mmlu_pro,correct_pressure,cctp_logit_linear_min_alpha,alpha_051_075,63,1.0,0.09523809523809523,0.10769480634754074,0.36507936507936506,0.3485867172857634
qwen25_15b,Qwen2.5-1.5B,mmlu_pro,correct_pressure,cctp_logit_linear_min_alpha,alpha_076_099,316,1.0,0.0949367088607595,0.10108030791602196,0.12341772151898735,0.1722608002110553
qwen25_15b,Qwen2.5-1.5B,mmlu_pro,correct_pressure,cctp_logit_linear_min_alpha,alpha_100,9,1.0,0.0,0.04229714835717532,0.0,0.2430685046827764
qwen25_15b,Qwen2.5-1.5B,mmlu_pro,wrong_pressure,cctp_logit_linear_min_alpha,alpha_000,53,1.0,0.2641509433962264,0.26070219953836915,0.3584905660377358,0.3619125379319831
qwen25_15b,Qwen2.5-1.5B,mmlu_pro,wrong_pressure,cctp_logit_linear_min_alpha,alpha_001_010,6,1.0,0.16666666666666666,0.10928300308758154,0.3333333333333333,0.31467932997281345
qwen25_15b,Qwen2.5-1.5B,mmlu_pro,wrong_pressure,cctp_logit_linear_min_alpha,alpha_011_025,7,1.0,0.14285714285714285,0.23976163028852568,0.2857142857142857,0.27167156055693137
qwen25_15b,Qwen2.5-1.5B,mmlu_pro,wrong_pressure,cctp_logit_linear_min_alpha,alpha_026_050,17,1.0,0.11764705882352941,0.12771077542310294,0.7647058823529411,0.74316394468617
qwen25_15b,Qwen2.5-1.5B,mmlu_pro,wrong_pressure,cctp_logit_linear_min_alpha,alpha_051_075,80,1.0,0.075,0.08383712294077719,0.35,0.33091864551552674
qwen25_15b,Qwen2.5-1.5B,mmlu_pro,wrong_pressure,cctp_logit_linear_min_alpha,alpha_076_099,328,1.0,0.051829268292682924,0.10124345685614786,0.21951219512195122,0.2111692640039461
qwen25_15b,Qwen2.5-1.5B,mmlu_pro,wrong_pressure,cctp_logit_linear_min_alpha,alpha_100,9,1.0,0.0,0.09242514590536743,0.3333333333333333,0.28741968197964884
qwen25_15b,Qwen2.5-1.5B,truthfulqa_mc,correct_pressure,cctp_logit_linear_min_alpha,alpha_000,234,1.0,0.11965811965811966,0.11931527786392884,0.6965811965811965,0.6970443670792185
qwen25_15b,Qwen2.5-1.5B,truthfulqa_mc,correct_pressure,cctp_logit_linear_min_alpha,alpha_001_010,6,1.0,0.3333333333333333,0.33186218421100033,0.3333333333333333,0.33460736992231793
qwen25_15b,Qwen2.5-1.5B,truthfulqa_mc,correct_pressure,cctp_logit_linear_min_alpha,alpha_011_025,14,1.0,0.07142857142857142,0.08846523920602263,0.5714285714285714,0.5522757189829595
qwen25_15b,Qwen2.5-1.5B,truthfulqa_mc,correct_pressure,cctp_logit_linear_min_alpha,alpha_026_050,28,1.0,0.2857142857142857,0.2705535286269895,0.39285714285714285,0.3755884081501826
qwen25_15b,Qwen2.5-1.5B,truthfulqa_mc,correct_pressure,cctp_logit_linear_min_alpha,alpha_051_075,62,1.0,0.12903225806451613,0.13574482865624976,0.4032258064516129,0.39932063012867963
qwen25_15b,Qwen2.5-1.5B,truthfulqa_mc,correct_pressure,cctp_logit_linear_min_alpha,alpha_076_099,153,1.0,0.20915032679738563,0.2108701431271709,0.20261437908496732,0.23154088841446163
qwen25_15b,Qwen2.5-1.5B,truthfulqa_mc,correct_pressure,cctp_logit_linear_min_alpha,alpha_100,3,1.0,0.6666666666666666,0.3343064743057255,0.0,0.33019812492679407
qwen25_15b,Qwen2.5-1.5B,truthfulqa_mc,wrong_pressure,cctp_logit_linear_min_alpha,alpha_000,122,1.0,0.36065573770491804,0.36390778528884843,0.4426229508196721,0.43805893305785215
qwen25_15b,Qwen2.5-1.5B,truthfulqa_mc,wrong_pressure,cctp_logit_linear_min_alpha,alpha_001_010,7,1.0,0.14285714285714285,0.16471669201116093,0.2857142857142857,0.2795236209792261
qwen25_15b,Qwen2.5-1.5B,truthfulqa_mc,wrong_pressure,cctp_logit_linear_min_alpha,alpha_011_025,16,1.0,0.3125,0.3276538656093709,0.25,0.24755952280012716
qwen25_15b,Qwen2.5-1.5B,truthfulqa_mc,wrong_pressure,cctp_logit_linear_min_alpha,alpha_026_050,43,1.0,0.13953488372093023,0.15191852556197502,0.627906976744186,0.6126130355355494
qwen25_15b,Qwen2.5-1.5B,truthfulqa_mc,wrong_pressure,cctp_logit_linear_min_alpha,alpha_051_075,127,1.0,0.07874015748031496,0.09279063221317069,0.5826771653543307,0.5660023531850124
qwen25_15b,Qwen2.5-1.5B,truthfulqa_mc,wrong_pressure,cctp_logit_linear_min_alpha,alpha_076_099,182,1.0,0.07692307692307693,0.11379085356814102,0.4340659340659341,0.4056678695566888
qwen25_15b,Qwen2.5-1.5B,truthfulqa_mc,wrong_pressure,cctp_logit_linear_min_alpha,alpha_100,3,1.0,0.3333333333333333,0.3330906811727805,0.0,0.16357519405575716
qwen25_7b,Qwen2.5-7B,mmlu_pro,correct_pressure,cctp_logit_linear_min_alpha,alpha_000,178,1.0,0.033707865168539325,0.033891143327623524,0.7696629213483146,0.7691664799686916
qwen25_7b,Qwen2.5-7B,mmlu_pro,correct_pressure,cctp_logit_linear_min_alpha,alpha_001_010,2,1.0,0.0,2.3101779842419638e-08,1.0,0.9999995785880813
qwen25_7b,Qwen2.5-7B,mmlu_pro,correct_pressure,cctp_logit_linear_min_alpha,alpha_011_025,8,1.0,0.125,0.12106420296316893,0.375,0.387312125286487
qwen25_7b,Qwen2.5-7B,mmlu_pro,correct_pressure,cctp_logit_linear_min_alpha,alpha_026_050,13,1.0,0.15384615384615385,0.15244607296325735,0.07692307692307693,0.08757336460129736
qwen25_7b,Qwen2.5-7B,mmlu_pro,correct_pressure,cctp_logit_linear_min_alpha,alpha_051_075,63,1.0,0.09523809523809523,0.09283089618816007,0.20634920634920634,0.22333860337517109
qwen25_7b,Qwen2.5-7B,mmlu_pro,correct_pressure,cctp_logit_linear_min_alpha,alpha_076_099,229,1.0,0.10480349344978165,0.09874890552580606,0.2445414847161572,0.2797579088847893
qwen25_7b,Qwen2.5-7B,mmlu_pro,correct_pressure,cctp_logit_linear_min_alpha,alpha_100,7,1.0,0.42857142857142855,0.18534161446435166,0.0,0.24017565489302117
qwen25_7b,Qwen2.5-7B,mmlu_pro,wrong_pressure,cctp_logit_linear_min_alpha,alpha_000,153,1.0,0.0718954248366013,0.0717390608811626,0.6601307189542484,0.6598564300104851
qwen25_7b,Qwen2.5-7B,mmlu_pro,wrong_pressure,cctp_logit_linear_min_alpha,alpha_001_010,4,1.0,0.25,0.23499234550260242,0.5,0.4930197702233685
qwen25_7b,Qwen2.5-7B,mmlu_pro,wrong_pressure,cctp_logit_linear_min_alpha,alpha_011_025,4,1.0,0.0,0.02681424749850699,0.5,0.485163616203919
qwen25_7b,Qwen2.5-7B,mmlu_pro,wrong_pressure,cctp_logit_linear_min_alpha,alpha_026_050,25,1.0,0.04,0.05378669514808651,0.44,0.43485388501161737
qwen25_7b,Qwen2.5-7B,mmlu_pro,wrong_pressure,cctp_logit_linear_min_alpha,alpha_051_075,79,1.0,0.10126582278481013,0.11058014387697526,0.3670886075949367,0.3526644380282238
qwen25_7b,Qwen2.5-7B,mmlu_pro,wrong_pressure,cctp_logit_linear_min_alpha,alpha_076_099,228,1.0,0.08333333333333333,0.0944153788151175,0.29385964912280704,0.29338119321149286
qwen25_7b,Qwen2.5-7B,mmlu_pro,wrong_pressure,cctp_logit_linear_min_alpha,alpha_100,7,1.0,0.2857142857142857,0.2517923792916325,0.0,0.08657050699581882
qwen25_7b,Qwen2.5-7B,truthfulqa_mc,correct_pressure,cctp_logit_linear_min_alpha,alpha_000,326,1.0,0.024539877300613498,0.024545743100145657,0.901840490797546,0.9017575495541122
qwen25_7b,Qwen2.5-7B,truthfulqa_mc,correct_pressure,cctp_logit_linear_min_alpha,alpha_001_010,1,1.0,0.0,6.587659288012012e-05,1.0,0.9688993343752008
qwen25_7b,Qwen2.5-7B,truthfulqa_mc,correct_pressure,cctp_logit_linear_min_alpha,alpha_011_025,2,1.0,0.0,1.3718563155234752e-07,1.0,0.9995032826387348
qwen25_7b,Qwen2.5-7B,truthfulqa_mc,correct_pressure,cctp_logit_linear_min_alpha,alpha_026_050,11,1.0,0.18181818181818182,0.17410802011973997,0.5454545454545454,0.531803447434227
qwen25_7b,Qwen2.5-7B,truthfulqa_mc,correct_pressure,cctp_logit_linear_min_alpha,alpha_051_075,45,1.0,0.24444444444444444,0.24146108516392184,0.4222222222222222,0.4213429190428335
qwen25_7b,Qwen2.5-7B,truthfulqa_mc,correct_pressure,cctp_logit_linear_min_alpha,alpha_076_099,108,1.0,0.26851851851851855,0.24870580159235744,0.25,0.2886175286320184
qwen25_7b,Qwen2.5-7B,truthfulqa_mc,correct_pressure,cctp_logit_linear_min_alpha,alpha_100,7,1.0,0.14285714285714285,0.07044991992021012,0.14285714285714285,0.198909611525687
qwen25_7b,Qwen2.5-7B,truthfulqa_mc,wrong_pressure,cctp_logit_linear_min_alpha,alpha_000,317,1.0,0.04416403785488959,0.04412261790238184,0.8706624605678234,0.8706610631610225
qwen25_7b,Qwen2.5-7B,truthfulqa_mc,wrong_pressure,cctp_logit_linear_min_alpha,alpha_001_010,5,1.0,0.2,0.19280181047269673,0.6,0.5862959010949627
qwen25_7b,Qwen2.5-7B,truthfulqa_mc,wrong_pressure,cctp_logit_linear_min_alpha,alpha_011_025,3,1.0,0.0,6.588733674658425e-08,1.0,0.9784950541381399
qwen25_7b,Qwen2.5-7B,truthfulqa_mc,wrong_pressure,cctp_logit_linear_min_alpha,alpha_026_050,24,1.0,0.041666666666666664,0.044039727581474425,0.8333333333333334,0.8138992226558696
qwen25_7b,Qwen2.5-7B,truthfulqa_mc,wrong_pressure,cctp_logit_linear_min_alpha,alpha_051_075,42,1.0,0.19047619047619047,0.19211157140865795,0.5,0.48950666224961603
qwen25_7b,Qwen2.5-7B,truthfulqa_mc,wrong_pressure,cctp_logit_linear_min_alpha,alpha_076_099,101,1.0,0.25742574257425743,0.24145796563354588,0.25742574257425743,0.27951957481045764
qwen25_7b,Qwen2.5-7B,truthfulqa_mc,wrong_pressure,cctp_logit_linear_min_alpha,alpha_100,8,1.0,0.125,0.0626249221636884,0.125,0.2268802453306677
