tube,model_key,model,dataset,pressure_type,mean_alpha,median_alpha,fraction_alpha_le_050,fraction_alpha_eq_1,clean_like_rate,wrong_follow_rate,mean_p_wrong
main,gemma2_2b,Gemma-2-2B,mmlu_pro,correct_pressure,0.7034000000000001,0.88,0.218,0.016,1.0,0.104,0.09432008323961824
main,gemma2_2b,Gemma-2-2B,mmlu_pro,wrong_pressure,0.7494400000000001,0.88,0.14,0.02,1.0,0.104,0.12910354221472506
loose,gemma2_2b,Gemma-2-2B,mmlu_pro,correct_pressure,0.66466,0.84,0.236,0.016,1.0,0.104,0.09210387155106235
loose,gemma2_2b,Gemma-2-2B,mmlu_pro,wrong_pressure,0.7138,0.84,0.162,0.02,1.0,0.104,0.1473171862460656
main,gemma2_2b,Gemma-2-2B,mmlu_pro,correct_pressure,0.7034000000000001,0.88,0.218,0.016,1.0,0.104,0.09432008323961824
main,gemma2_2b,Gemma-2-2B,mmlu_pro,wrong_pressure,0.7494400000000001,0.88,0.14,0.02,1.0,0.104,0.12910354221472506
strict,gemma2_2b,Gemma-2-2B,mmlu_pro,correct_pressure,0.73722,0.92,0.194,0.018,1.0,0.104,0.09570524011605314
strict,gemma2_2b,Gemma-2-2B,mmlu_pro,wrong_pressure,0.78334,0.91,0.128,0.02,1.0,0.104,0.1175027800122127
main,gemma2_2b,Gemma-2-2B,truthfulqa_mc,correct_pressure,0.36048,0.0,0.574,0.004,1.0,0.144,0.1409468146126074
main,gemma2_2b,Gemma-2-2B,truthfulqa_mc,wrong_pressure,0.46465999999999996,0.63,0.42,0.002,1.0,0.144,0.15852408854728867
loose,gemma2_2b,Gemma-2-2B,truthfulqa_mc,correct_pressure,0.3356,0.0,0.588,0.004,1.0,0.144,0.13874860505131953
loose,gemma2_2b,Gemma-2-2B,truthfulqa_mc,wrong_pressure,0.4377,0.59,0.446,0.002,1.0,0.144,0.16449614299842114
main,gemma2_2b,Gemma-2-2B,truthfulqa_mc,correct_pressure,0.36048,0.0,0.574,0.004,1.0,0.144,0.1409468146126074
main,gemma2_2b,Gemma-2-2B,truthfulqa_mc,wrong_pressure,0.46465999999999996,0.63,0.42,0.002,1.0,0.144,0.15852408854728867
strict,gemma2_2b,Gemma-2-2B,truthfulqa_mc,correct_pressure,0.39308000000000004,0.0,0.556,0.004,1.0,0.144,0.14264076381421312
strict,gemma2_2b,Gemma-2-2B,truthfulqa_mc,wrong_pressure,0.49716,0.67,0.402,0.002,1.0,0.144,0.1538676674533127
main,gemma2_9b,Gemma-2-9B,mmlu_pro,correct_pressure,0.48813999999999996,0.69,0.444,0.004,1.0,0.078,0.07426510320037827
main,gemma2_9b,Gemma-2-9B,mmlu_pro,wrong_pressure,0.5048400000000001,0.735,0.428,0.006,1.0,0.078,0.08806887836985061
loose,gemma2_9b,Gemma-2-9B,mmlu_pro,correct_pressure,0.45056000000000007,0.605,0.476,0.004,1.0,0.078,0.07261675609736314
loose,gemma2_9b,Gemma-2-9B,mmlu_pro,wrong_pressure,0.46724000000000004,0.67,0.444,0.006,1.0,0.078,0.09389967129878177
main,gemma2_9b,Gemma-2-9B,mmlu_pro,correct_pressure,0.48813999999999996,0.69,0.444,0.004,1.0,0.078,0.07426510320037827
main,gemma2_9b,Gemma-2-9B,mmlu_pro,wrong_pressure,0.5048400000000001,0.735,0.428,0.006,1.0,0.078,0.08806887836985061
strict,gemma2_9b,Gemma-2-9B,mmlu_pro,correct_pressure,0.52466,0.77,0.414,0.01,1.0,0.078,0.07543314342348222
strict,gemma2_9b,Gemma-2-9B,mmlu_pro,wrong_pressure,0.54184,0.79,0.394,0.01,1.0,0.078,0.08454786303663732
main,gemma2_9b,Gemma-2-9B,truthfulqa_mc,correct_pressure,0.16201999999999997,0.0,0.81,0.0,1.0,0.086,0.0862122860299225
main,gemma2_9b,Gemma-2-9B,truthfulqa_mc,wrong_pressure,0.17244,0.0,0.8,0.0,1.0,0.086,0.08465886406186669
loose,gemma2_9b,Gemma-2-9B,truthfulqa_mc,correct_pressure,0.14745999999999998,0.0,0.82,0.0,1.0,0.086,0.08599940914180265
loose,gemma2_9b,Gemma-2-9B,truthfulqa_mc,wrong_pressure,0.15747999999999998,0.0,0.808,0.0,1.0,0.086,0.08412657359099553
main,gemma2_9b,Gemma-2-9B,truthfulqa_mc,correct_pressure,0.16201999999999997,0.0,0.81,0.0,1.0,0.086,0.0862122860299225
main,gemma2_9b,Gemma-2-9B,truthfulqa_mc,wrong_pressure,0.17244,0.0,0.8,0.0,1.0,0.086,0.08465886406186669
strict,gemma2_9b,Gemma-2-9B,truthfulqa_mc,correct_pressure,0.17911999999999997,0.0,0.798,0.0,1.0,0.086,0.08642190535033803
strict,gemma2_9b,Gemma-2-9B,truthfulqa_mc,wrong_pressure,0.19125999999999999,0.0,0.788,0.0,1.0,0.086,0.08529033728395251
main,llama31_8b,Llama-3.1-8B,mmlu_pro,correct_pressure,0.6148799999999999,0.7,0.292,0.034,1.0,0.09,0.08241695799903398
main,llama31_8b,Llama-3.1-8B,mmlu_pro,wrong_pressure,0.6,0.68,0.314,0.048,1.0,0.09,0.11068630104135437
loose,llama31_8b,Llama-3.1-8B,mmlu_pro,correct_pressure,0.5274800000000001,0.595,0.406,0.034,1.0,0.09,0.08125089709057348
loose,llama31_8b,Llama-3.1-8B,mmlu_pro,wrong_pressure,0.51338,0.57,0.44,0.048,1.0,0.09,0.12242713865269476
main,llama31_8b,Llama-3.1-8B,mmlu_pro,correct_pressure,0.6148799999999999,0.7,0.292,0.034,1.0,0.09,0.08241695799903398
main,llama31_8b,Llama-3.1-8B,mmlu_pro,wrong_pressure,0.6,0.68,0.314,0.048,1.0,0.09,0.11068630104135437
strict,llama31_8b,Llama-3.1-8B,mmlu_pro,correct_pressure,0.6965999999999999,0.78,0.19,0.034,1.0,0.09,0.08314585406573796
strict,llama31_8b,Llama-3.1-8B,mmlu_pro,wrong_pressure,0.6785399999999999,0.76,0.212,0.048,1.0,0.09,0.10222061121494837
main,llama31_8b,Llama-3.1-8B,truthfulqa_mc,correct_pressure,0.44894,0.49,0.506,0.004,1.0,0.128,0.13117148396752623
main,llama31_8b,Llama-3.1-8B,truthfulqa_mc,wrong_pressure,0.4021799999999999,0.435,0.546,0.008,1.0,0.128,0.12076781183472114
loose,llama31_8b,Llama-3.1-8B,truthfulqa_mc,correct_pressure,0.378,0.36,0.604,0.004,1.0,0.128,0.13278598368895145
loose,llama31_8b,Llama-3.1-8B,truthfulqa_mc,wrong_pressure,0.33965999999999996,0.25,0.624,0.008,1.0,0.128,0.11811729013397847
main,llama31_8b,Llama-3.1-8B,truthfulqa_mc,correct_pressure,0.44894,0.49,0.506,0.004,1.0,0.128,0.13117148396752623
main,llama31_8b,Llama-3.1-8B,truthfulqa_mc,wrong_pressure,0.4021799999999999,0.435,0.546,0.008,1.0,0.128,0.12076781183472114
strict,llama31_8b,Llama-3.1-8B,truthfulqa_mc,correct_pressure,0.5219000000000001,0.61,0.43,0.004,1.0,0.128,0.12949451232301493
strict,llama31_8b,Llama-3.1-8B,truthfulqa_mc,wrong_pressure,0.46432,0.55,0.468,0.008,1.0,0.128,0.12235631608831457
main,mistral_7b,Mistral-7B,mmlu_pro,correct_pressure,0.62522,0.78,0.284,0.004,1.0,0.084,0.08592268538817907
main,mistral_7b,Mistral-7B,mmlu_pro,wrong_pressure,0.65908,0.76,0.226,0.004,1.0,0.084,0.1099301077740995
loose,mistral_7b,Mistral-7B,mmlu_pro,correct_pressure,0.58538,0.715,0.31,0.004,1.0,0.084,0.08336553718098937
loose,mistral_7b,Mistral-7B,mmlu_pro,wrong_pressure,0.62348,0.7,0.272,0.004,1.0,0.084,0.12218170089057548
main,mistral_7b,Mistral-7B,mmlu_pro,correct_pressure,0.62522,0.78,0.284,0.004,1.0,0.084,0.08592268538817907
main,mistral_7b,Mistral-7B,mmlu_pro,wrong_pressure,0.65908,0.76,0.226,0.004,1.0,0.084,0.1099301077740995
strict,mistral_7b,Mistral-7B,mmlu_pro,correct_pressure,0.66324,0.84,0.25,0.01,1.0,0.084,0.08757617229533902
strict,mistral_7b,Mistral-7B,mmlu_pro,wrong_pressure,0.6938200000000001,0.81,0.19,0.014,1.0,0.084,0.10221481023018501
main,mistral_7b,Mistral-7B,truthfulqa_mc,correct_pressure,0.25745999999999997,0.0,0.714,0.0,1.0,0.102,0.10167180451752705
main,mistral_7b,Mistral-7B,truthfulqa_mc,wrong_pressure,0.31762,0.27,0.698,0.002,1.0,0.102,0.11255155252344924
loose,mistral_7b,Mistral-7B,truthfulqa_mc,correct_pressure,0.23852,0.0,0.722,0.0,1.0,0.102,0.10016374684954897
loose,mistral_7b,Mistral-7B,truthfulqa_mc,wrong_pressure,0.29808000000000007,0.24,0.722,0.002,1.0,0.102,0.11670762160999885
main,mistral_7b,Mistral-7B,truthfulqa_mc,correct_pressure,0.25745999999999997,0.0,0.714,0.0,1.0,0.102,0.10167180451752705
main,mistral_7b,Mistral-7B,truthfulqa_mc,wrong_pressure,0.31762,0.27,0.698,0.002,1.0,0.102,0.11255155252344924
strict,mistral_7b,Mistral-7B,truthfulqa_mc,correct_pressure,0.27744,0.0,0.7,0.004,1.0,0.102,0.10274180531356672
strict,mistral_7b,Mistral-7B,truthfulqa_mc,wrong_pressure,0.33882,0.3,0.66,0.004,1.0,0.102,0.10956701913322879
main,qwen25_14b,Qwen2.5-14B,mmlu_pro,correct_pressure,0.47644,0.555,0.484,0.02,1.0,0.084,0.08024270626280114
main,qwen25_14b,Qwen2.5-14B,mmlu_pro,wrong_pressure,0.4713,0.56,0.486,0.024,1.0,0.084,0.09329069658854004
loose,qwen25_14b,Qwen2.5-14B,mmlu_pro,correct_pressure,0.44764,0.445,0.51,0.014,1.0,0.084,0.07855011259079472
loose,qwen25_14b,Qwen2.5-14B,mmlu_pro,wrong_pressure,0.44110000000000005,0.47,0.514,0.014,1.0,0.084,0.09925508907544005
main,qwen25_14b,Qwen2.5-14B,mmlu_pro,correct_pressure,0.47644,0.555,0.484,0.02,1.0,0.084,0.08024270626280114
main,qwen25_14b,Qwen2.5-14B,mmlu_pro,wrong_pressure,0.4713,0.56,0.486,0.024,1.0,0.084,0.09329069658854004
strict,qwen25_14b,Qwen2.5-14B,mmlu_pro,correct_pressure,0.50388,0.655,0.46,0.052,1.0,0.084,0.081609557611628
strict,qwen25_14b,Qwen2.5-14B,mmlu_pro,wrong_pressure,0.50006,0.615,0.46,0.048,1.0,0.084,0.08962158328726105
main,qwen25_14b,Qwen2.5-14B,truthfulqa_mc,correct_pressure,0.18656,0.0,0.798,0.01,1.0,0.078,0.07560959538495521
main,qwen25_14b,Qwen2.5-14B,truthfulqa_mc,wrong_pressure,0.19816000000000003,0.0,0.784,0.008,1.0,0.078,0.0775236500740833
loose,qwen25_14b,Qwen2.5-14B,truthfulqa_mc,correct_pressure,0.17474,0.0,0.806,0.002,1.0,0.078,0.07533195289366479
loose,qwen25_14b,Qwen2.5-14B,truthfulqa_mc,wrong_pressure,0.18624000000000002,0.0,0.788,0.0,1.0,0.078,0.07828311097864114
main,qwen25_14b,Qwen2.5-14B,truthfulqa_mc,correct_pressure,0.18656,0.0,0.798,0.01,1.0,0.078,0.07560959538495521
main,qwen25_14b,Qwen2.5-14B,truthfulqa_mc,wrong_pressure,0.19816000000000003,0.0,0.784,0.008,1.0,0.078,0.0775236500740833
strict,qwen25_14b,Qwen2.5-14B,truthfulqa_mc,correct_pressure,0.19978,0.0,0.784,0.024,1.0,0.078,0.07586038230039754
strict,qwen25_14b,Qwen2.5-14B,truthfulqa_mc,wrong_pressure,0.21231999999999998,0.0,0.77,0.026,1.0,0.078,0.077014428395832
main,qwen25_15b,Qwen2.5-1.5B,mmlu_pro,correct_pressure,0.67844,0.83,0.224,0.018,1.0,0.082,0.08777046757574464
main,qwen25_15b,Qwen2.5-1.5B,mmlu_pro,wrong_pressure,0.7183999999999999,0.84,0.166,0.018,1.0,0.082,0.11813795837099694
loose,qwen25_15b,Qwen2.5-1.5B,mmlu_pro,correct_pressure,0.6254400000000001,0.78,0.262,0.018,1.0,0.082,0.08598524386046119
loose,qwen25_15b,Qwen2.5-1.5B,mmlu_pro,wrong_pressure,0.67196,0.78,0.202,0.018,1.0,0.082,0.1337284767888284
main,qwen25_15b,Qwen2.5-1.5B,mmlu_pro,correct_pressure,0.67844,0.83,0.224,0.018,1.0,0.082,0.08777046757574464
main,qwen25_15b,Qwen2.5-1.5B,mmlu_pro,wrong_pressure,0.7183999999999999,0.84,0.166,0.018,1.0,0.082,0.11813795837099694
strict,qwen25_15b,Qwen2.5-1.5B,mmlu_pro,correct_pressure,0.7253999999999999,0.88,0.196,0.02,1.0,0.082,0.08915353068634874
strict,qwen25_15b,Qwen2.5-1.5B,mmlu_pro,wrong_pressure,0.7631600000000001,0.89,0.15,0.018,1.0,0.082,0.10881510745079427
main,qwen25_15b,Qwen2.5-1.5B,truthfulqa_mc,correct_pressure,0.38351999999999997,0.21,0.564,0.006,1.0,0.162,0.16081438194785438
main,qwen25_15b,Qwen2.5-1.5B,truthfulqa_mc,wrong_pressure,0.52728,0.63,0.376,0.006,1.0,0.162,0.18163668556445034
loose,qwen25_15b,Qwen2.5-1.5B,truthfulqa_mc,correct_pressure,0.33896,0.0,0.62,0.006,1.0,0.162,0.1594865774131093
loose,qwen25_15b,Qwen2.5-1.5B,truthfulqa_mc,wrong_pressure,0.48596000000000006,0.58,0.43,0.006,1.0,0.162,0.19020017398437933
main,qwen25_15b,Qwen2.5-1.5B,truthfulqa_mc,correct_pressure,0.38351999999999997,0.21,0.564,0.006,1.0,0.162,0.16081438194785438
main,qwen25_15b,Qwen2.5-1.5B,truthfulqa_mc,wrong_pressure,0.52728,0.63,0.376,0.006,1.0,0.162,0.18163668556445034
strict,qwen25_15b,Qwen2.5-1.5B,truthfulqa_mc,correct_pressure,0.43028,0.4,0.52,0.008,1.0,0.162,0.1618601457984107
strict,qwen25_15b,Qwen2.5-1.5B,truthfulqa_mc,wrong_pressure,0.5743199999999999,0.685,0.344,0.006,1.0,0.162,0.17549950243058124
main,qwen25_7b,Qwen2.5-7B,mmlu_pro,correct_pressure,0.5255799999999999,0.71,0.402,0.014,1.0,0.084,0.07748434651452477
main,qwen25_7b,Qwen2.5-7B,mmlu_pro,wrong_pressure,0.5500200000000001,0.725,0.372,0.014,1.0,0.084,0.09078610891338748
loose,qwen25_7b,Qwen2.5-7B,mmlu_pro,correct_pressure,0.49119999999999997,0.64,0.444,0.01,1.0,0.084,0.07588302185677287
loose,qwen25_7b,Qwen2.5-7B,mmlu_pro,wrong_pressure,0.51302,0.65,0.416,0.01,1.0,0.084,0.09726725065408764
main,qwen25_7b,Qwen2.5-7B,mmlu_pro,correct_pressure,0.5255799999999999,0.71,0.402,0.014,1.0,0.084,0.07748434651452477
main,qwen25_7b,Qwen2.5-7B,mmlu_pro,wrong_pressure,0.5500200000000001,0.725,0.372,0.014,1.0,0.084,0.09078610891338748
strict,qwen25_7b,Qwen2.5-7B,mmlu_pro,correct_pressure,0.5592999999999999,0.78,0.386,0.038,1.0,0.084,0.07862558013703466
strict,qwen25_7b,Qwen2.5-7B,mmlu_pro,wrong_pressure,0.5832200000000001,0.79,0.35,0.036,1.0,0.084,0.086999331626373
main,qwen25_7b,Qwen2.5-7B,truthfulqa_mc,correct_pressure,0.27536,0.0,0.68,0.014,1.0,0.102,0.09627258293344265
main,qwen25_7b,Qwen2.5-7B,truthfulqa_mc,wrong_pressure,0.27191999999999994,0.0,0.698,0.016,1.0,0.102,0.0979295449849944
loose,qwen25_7b,Qwen2.5-7B,truthfulqa_mc,correct_pressure,0.25822,0.0,0.692,0.006,1.0,0.102,0.09642382524567537
loose,qwen25_7b,Qwen2.5-7B,truthfulqa_mc,wrong_pressure,0.25378,0.0,0.706,0.008,1.0,0.102,0.09849702400983795
main,qwen25_7b,Qwen2.5-7B,truthfulqa_mc,correct_pressure,0.27536,0.0,0.68,0.014,1.0,0.102,0.09627258293344265
main,qwen25_7b,Qwen2.5-7B,truthfulqa_mc,wrong_pressure,0.27191999999999994,0.0,0.698,0.016,1.0,0.102,0.0979295449849944
strict,qwen25_7b,Qwen2.5-7B,truthfulqa_mc,correct_pressure,0.29094,0.0,0.67,0.024,1.0,0.102,0.09621505720880726
strict,qwen25_7b,Qwen2.5-7B,truthfulqa_mc,wrong_pressure,0.28953999999999996,0.0,0.684,0.024,1.0,0.102,0.09718419511071115
