model_key,model,dataset,phase_index,phase,condition,n,mean_p_wrong,p_wrong_ci_low,p_wrong_ci_high,p_wrong_se,bootstrap_samples,bootstrap_seed
mistral7b_v03,Mistral-7B-v0.3,mmlu_pro,0,clean,clean_context,500,0.09074530212072879,0.06983355792867031,0.11188588706446921,0.011255960201163762,2000,12345
mistral7b_v03,Mistral-7B-v0.3,mmlu_pro,1,weak pressure,weak_pressure,500,0.5893908946820484,0.550673987619815,0.6272226096841707,0.020002489243278507,2000,12345
mistral7b_v03,Mistral-7B-v0.3,mmlu_pro,2,medium pressure,medium_pressure,500,0.8477569007286224,0.8156232875536057,0.8765064078682022,0.014866290816246706,2000,12345
mistral7b_v03,Mistral-7B-v0.3,mmlu_pro,3,strong pressure,strong_pressure,500,0.9146155576722205,0.8902533821348582,0.9361357650078723,0.011428983890836917,2000,12345
mistral7b_v03,Mistral-7B-v0.3,mmlu_pro,4,medium reset,medium_reset,500,0.7802611712486877,0.745900040037624,0.8153400543579625,0.016846421037548673,2000,12345
mistral7b_v03,Mistral-7B-v0.3,mmlu_pro,5,strong reset,strong_reset,500,0.749956732305999,0.7119941626252021,0.7883645460475632,0.01847548074879662,2000,12345
mistral7b_v03,Mistral-7B-v0.3,mmlu_pro,6,clean probe,clean_context_probe,500,0.09074530212072879,0.06983355792867031,0.11188588706446921,0.011255960201163762,2000,12345
mistral7b_v03,Mistral-7B-v0.3,truthfulqa_mc,0,clean,clean_context,500,0.10493169119788996,0.07917631845894063,0.13264756227539237,0.013096090724552605,2000,12345
mistral7b_v03,Mistral-7B-v0.3,truthfulqa_mc,1,weak pressure,weak_pressure,500,0.3291361362841353,0.29079055052211844,0.37012317761811875,0.01998169144009864,2000,12345
mistral7b_v03,Mistral-7B-v0.3,truthfulqa_mc,2,medium pressure,medium_pressure,500,0.7421178894087811,0.7082671734509783,0.7774463903655954,0.017971848640207365,2000,12345
mistral7b_v03,Mistral-7B-v0.3,truthfulqa_mc,3,strong pressure,strong_pressure,500,0.826249770624361,0.7950192986237229,0.8569313554861271,0.015753024221933573,2000,12345
mistral7b_v03,Mistral-7B-v0.3,truthfulqa_mc,4,medium reset,medium_reset,500,0.3909078122819847,0.35042212241885073,0.42881227928578075,0.019679459614326794,2000,12345
mistral7b_v03,Mistral-7B-v0.3,truthfulqa_mc,5,strong reset,strong_reset,500,0.3519581999484691,0.3119916335978596,0.39156598663734904,0.020464335649168202,2000,12345
mistral7b_v03,Mistral-7B-v0.3,truthfulqa_mc,6,clean probe,clean_context_probe,500,0.10493169119788996,0.07917631845894063,0.13264756227539237,0.013096090724552605,2000,12345
qwen25_14b,Qwen2.5-14B,mmlu_pro,0,clean,clean_context,500,0.08411410963399407,0.06337289212439354,0.1078660769423838,0.011392659965378856,2000,12345
qwen25_14b,Qwen2.5-14B,mmlu_pro,1,weak pressure,weak_pressure,500,0.28446891975141864,0.24800430066052645,0.3209277992553571,0.019028957809120835,2000,12345
qwen25_14b,Qwen2.5-14B,mmlu_pro,2,medium pressure,medium_pressure,500,0.8250237079537637,0.7936252113247102,0.8569460305204191,0.0159953856993029,2000,12345
qwen25_14b,Qwen2.5-14B,mmlu_pro,3,strong pressure,strong_pressure,500,0.9573442493606188,0.9391376343955155,0.9720638372208542,0.008205733009683877,2000,12345
qwen25_14b,Qwen2.5-14B,mmlu_pro,4,medium reset,medium_reset,500,0.3234019434412947,0.2841465725549524,0.36229762957287437,0.01994540808862075,2000,12345
qwen25_14b,Qwen2.5-14B,mmlu_pro,5,strong reset,strong_reset,500,0.35622008714054504,0.31482807019188264,0.39731903291408455,0.020826866460952526,2000,12345
qwen25_14b,Qwen2.5-14B,mmlu_pro,6,clean probe,clean_context_probe,500,0.08411410963399407,0.06337289212439354,0.1078660769423838,0.011392659965378856,2000,12345
qwen25_14b,Qwen2.5-14B,truthfulqa_mc,0,clean,clean_context,500,0.0760056316692018,0.0547878118749914,0.10062157308251676,0.011527866097863918,2000,12345
qwen25_14b,Qwen2.5-14B,truthfulqa_mc,1,weak pressure,weak_pressure,500,0.11625833679787037,0.09089630883076359,0.1435774996101939,0.013660403633280539,2000,12345
qwen25_14b,Qwen2.5-14B,truthfulqa_mc,2,medium pressure,medium_pressure,500,0.6471330124481067,0.6070462915283386,0.6857820833745891,0.02034204193053411,2000,12345
qwen25_14b,Qwen2.5-14B,truthfulqa_mc,3,strong pressure,strong_pressure,500,0.9330718861961831,0.9113653544818778,0.9520819965444741,0.010350504603709287,2000,12345
qwen25_14b,Qwen2.5-14B,truthfulqa_mc,4,medium reset,medium_reset,500,0.11293388288805818,0.08762361471792438,0.14146757664299944,0.013597515602257169,2000,12345
qwen25_14b,Qwen2.5-14B,truthfulqa_mc,5,strong reset,strong_reset,500,0.11270330468859475,0.08662655749381792,0.1420076141996165,0.013976006147934704,2000,12345
qwen25_14b,Qwen2.5-14B,truthfulqa_mc,6,clean probe,clean_context_probe,500,0.0760056316692018,0.0547878118749914,0.10062157308251676,0.011527866097863918,2000,12345
qwen25_15b,Qwen2.5-1.5B,mmlu_pro,0,clean,clean_context,500,0.09124088678329585,0.0721413274922964,0.11231402364114755,0.010179507738163028,2000,12345
qwen25_15b,Qwen2.5-1.5B,mmlu_pro,1,weak pressure,weak_pressure,500,0.6802301235207828,0.6459179633800586,0.7136939221818486,0.018066157685883617,2000,12345
qwen25_15b,Qwen2.5-1.5B,mmlu_pro,2,medium pressure,medium_pressure,500,0.8880319529014048,0.8631582588142382,0.9124782716783154,0.01253576911609641,2000,12345
qwen25_15b,Qwen2.5-1.5B,mmlu_pro,3,strong pressure,strong_pressure,500,0.92481261920966,0.9037753554623821,0.9450327344915395,0.010786848122163033,2000,12345
qwen25_15b,Qwen2.5-1.5B,mmlu_pro,4,medium reset,medium_reset,500,0.7506060839150414,0.7178421076844738,0.7832841106430107,0.017050373249738106,2000,12345
qwen25_15b,Qwen2.5-1.5B,mmlu_pro,5,strong reset,strong_reset,500,0.7255437898838972,0.6907779741539658,0.7582250025418893,0.018393107438087,2000,12345
qwen25_15b,Qwen2.5-1.5B,mmlu_pro,6,clean probe,clean_context_probe,500,0.09124088678329585,0.0721413274922964,0.11231402364114755,0.010179507738163028,2000,12345
qwen25_15b,Qwen2.5-1.5B,truthfulqa_mc,0,clean,clean_context,500,0.1655446841983342,0.13571562903746087,0.19525069215412494,0.015329763931589503,2000,12345
qwen25_15b,Qwen2.5-1.5B,truthfulqa_mc,1,weak pressure,weak_pressure,500,0.7669534030580626,0.7327311181600562,0.7996951928247115,0.017157594211715088,2000,12345
qwen25_15b,Qwen2.5-1.5B,truthfulqa_mc,2,medium pressure,medium_pressure,500,0.8870255946213401,0.8607673054368538,0.9119317124623086,0.013097433162909629,2000,12345
qwen25_15b,Qwen2.5-1.5B,truthfulqa_mc,3,strong pressure,strong_pressure,500,0.8970861433886306,0.870834822255377,0.9212685122898688,0.012814167810525365,2000,12345
qwen25_15b,Qwen2.5-1.5B,truthfulqa_mc,4,medium reset,medium_reset,500,0.74751077536052,0.7104088040137846,0.782777542401665,0.01806836503366128,2000,12345
qwen25_15b,Qwen2.5-1.5B,truthfulqa_mc,5,strong reset,strong_reset,500,0.6650382117604469,0.625487962896238,0.704474183957795,0.019962412509067193,2000,12345
qwen25_15b,Qwen2.5-1.5B,truthfulqa_mc,6,clean probe,clean_context_probe,500,0.1655446841983342,0.13571562903746087,0.19525069215412494,0.015329763931589503,2000,12345
qwen25_7b,Qwen2.5-7B,mmlu_pro,0,clean,clean_context,500,0.0806055196700934,0.060857692202623256,0.10232439527521481,0.010917695961589603,2000,12345
qwen25_7b,Qwen2.5-7B,mmlu_pro,1,weak pressure,weak_pressure,500,0.2875310385612048,0.2511969169705357,0.32392056381583023,0.018414360644833788,2000,12345
qwen25_7b,Qwen2.5-7B,mmlu_pro,2,medium pressure,medium_pressure,500,0.9521911947370693,0.9347843690504208,0.9677270223465062,0.008640831380781267,2000,12345
qwen25_7b,Qwen2.5-7B,mmlu_pro,3,strong pressure,strong_pressure,500,0.9711700622579035,0.956637300861744,0.9837537301569075,0.006956075390895699,2000,12345
qwen25_7b,Qwen2.5-7B,mmlu_pro,4,medium reset,medium_reset,500,0.3473849857521393,0.3097010238450766,0.385752086066035,0.019640467734759172,2000,12345
qwen25_7b,Qwen2.5-7B,mmlu_pro,5,strong reset,strong_reset,500,0.3425486287853029,0.3028493825278026,0.3836187984593758,0.021032601033771844,2000,12345
qwen25_7b,Qwen2.5-7B,mmlu_pro,6,clean probe,clean_context_probe,500,0.0806055196700934,0.060857692202623256,0.10232439527521481,0.010917695961589603,2000,12345
qwen25_7b,Qwen2.5-7B,truthfulqa_mc,0,clean,clean_context,500,0.09597502619342342,0.07260151204943632,0.1207762703349592,0.012302258593318403,2000,12345
qwen25_7b,Qwen2.5-7B,truthfulqa_mc,1,weak pressure,weak_pressure,500,0.1408118012898986,0.11361759064570616,0.17217052123366441,0.014702218657565923,2000,12345
qwen25_7b,Qwen2.5-7B,truthfulqa_mc,2,medium pressure,medium_pressure,500,0.9033291232183546,0.8774454350134777,0.9253908752201178,0.012183800108999476,2000,12345
qwen25_7b,Qwen2.5-7B,truthfulqa_mc,3,strong pressure,strong_pressure,500,0.9257920727049916,0.9036413971400894,0.9446723646060775,0.010545702042500205,2000,12345
qwen25_7b,Qwen2.5-7B,truthfulqa_mc,4,medium reset,medium_reset,500,0.11891023840222618,0.09144691072209424,0.14753638044460868,0.013647879739107409,2000,12345
qwen25_7b,Qwen2.5-7B,truthfulqa_mc,5,strong reset,strong_reset,500,0.10693740521256322,0.07981639821584788,0.13476401277488748,0.013714777065462596,2000,12345
qwen25_7b,Qwen2.5-7B,truthfulqa_mc,6,clean probe,clean_context_probe,500,0.09597502619342342,0.07260151204943632,0.1207762703349592,0.012302258593318403,2000,12345
