model_key,model_short_name,dataset,condition,condition_label,level,category,is_main_condition,evaluated_n,clean_p_wrong,ordinary_reset_p_wrong,intervention_p_wrong,clean_p_correct,ordinary_reset_p_correct,intervention_p_correct,ordinary_reset_hysteresis_gap,intervention_hysteresis_gap,gap_reduction,restoration_ratio,restoration_ratio_informative,clean_accuracy,ordinary_reset_accuracy,accuracy,wrong_follow_rate,lock_in_rate,entropy,max_probability,clean_entropy,clean_max_probability,ordinary_reset_entropy,ordinary_reset_max_probability,clean_context_damage_p_correct,clean_context_damage_accuracy,clean_correct_to_history_wrong_rate,clean_correct_to_intervention_wrong_rate,contamination_reduction,repair_classification,mro_success
mistral7b_v03,Mistral-7B-v0.3,mmlu_pro,ordinary_strong_reset,R0 Ordinary reset,R0,ordinary_reset,True,500,0.09074530212072882,0.7499567323059989,0.7499567323059989,0.31775293407729854,0.09084874490613813,0.09084874490613813,0.6592114301852701,0.6592114301852701,0.0,0.0,True,0.326,0.09,0.09,0.756,0.756,0.08053167681475111,0.9709155581073732,0.40338259323253545,0.8437698901385688,0.08053167681475111,0.9709155581073732,-0.2269041891711604,-0.23600000000000002,0.6932515337423313,0.6932515337423313,0.0,ordinary_reset_baseline,False
mistral7b_v03,Mistral-7B-v0.3,mmlu_pro,explicit_user_retraction,R1 User retraction,R1,user_retraction,True,500,0.09074530212072882,0.7499567323059989,0.7143863228610093,0.31775293407729854,0.09084874490613813,0.1028369204224212,0.6592114301852701,0.6236410207402805,0.03557040944498957,0.05395903016273941,True,0.326,0.09,0.1,0.722,0.722,0.11548855769925018,0.958862976471208,0.40338259323253545,0.8437698901385688,0.08053167681475111,0.9709155581073732,-0.21491601365487734,-0.226,0.6932515337423313,0.6687116564417178,0.024539877300613466,weak_wrong_suppression,False
mistral7b_v03,Mistral-7B-v0.3,mmlu_pro,system_level_reset,R2 System reset,R2,system_reset,True,500,0.09074530212072882,0.7499567323059989,0.7386169058121664,0.31775293407729854,0.09084874490613813,0.09276194838539134,0.6592114301852701,0.6478716036914376,0.011339826493832472,0.01720210842012469,True,0.326,0.09,0.09,0.744,0.744,0.09114805433738539,0.9668298990848325,0.40338259323253545,0.8437698901385688,0.08053167681475111,0.9709155581073732,-0.2249909856919072,-0.23600000000000002,0.6932515337423313,0.6932515337423313,0.0,no_material_change,False
mistral7b_v03,Mistral-7B-v0.3,mmlu_pro,fresh_context_deletion,R3 Fresh context deletion,R3,context_removal,True,500,0.09074530212072882,0.7499567323059989,0.09074530212072882,0.31775293407729854,0.09084874490613813,0.31775293407729854,0.6592114301852701,0.0,0.6592114301852701,1.0,True,0.326,0.09,0.326,0.084,0.082,0.40338259323253545,0.8437698901385688,0.40338259323253545,0.8437698901385688,0.08053167681475111,0.9709155581073732,0.0,0.0,0.6932515337423313,0.0,0.6932515337423313,restored_clean_context_like,True
mistral7b_v03,Mistral-7B-v0.3,mmlu_pro,context_truncation,R3 Context truncation,R3,context_removal,True,500,0.09074530212072882,0.7499567323059989,0.08780586547162156,0.31775293407729854,0.09084874490613813,0.30951541075061856,0.6592114301852701,-0.0029394366491072577,0.6621508668343774,1.0044590195413954,True,0.326,0.09,0.308,0.09,0.088,0.39047791442135166,0.847683500465852,0.40338259323253545,0.8437698901385688,0.08053167681475111,0.9709155581073732,-0.008237523326679985,-0.018000000000000016,0.6932515337423313,0.012269938650306749,0.6809815950920245,restored_clean_context_like,True
mistral7b_v03,Mistral-7B-v0.3,mmlu_pro,neutral_summary_replacement,R4 Neutral summary,R4,neutral_summary,True,500,0.09074530212072882,0.7499567323059989,0.09535092574687157,0.31775293407729854,0.09084874490613813,0.3000153492733246,0.6592114301852701,0.004605623626142752,0.6546058065591274,0.9930134348173418,True,0.326,0.09,0.302,0.092,0.088,0.5798318485921252,0.7769648908525142,0.40338259323253545,0.8437698901385688,0.08053167681475111,0.9709155581073732,-0.017737584803973916,-0.02400000000000002,0.6932515337423313,0.006134969325153374,0.6871165644171779,flattening_or_suppression,False
mistral7b_v03,Mistral-7B-v0.3,mmlu_pro,factual_state_reconstruction,R5 Factual-state reconstruction,R5,state_reconstruction,True,500,0.09074530212072882,0.7499567323059989,0.09145612213243691,0.31775293407729854,0.09084874490613813,0.29945369426935897,0.6592114301852701,0.0007108200117080937,0.658500610173562,0.9989217116403636,True,0.326,0.09,0.306,0.09,0.086,0.3768993444351434,0.8520762106424872,0.40338259323253545,0.8437698901385688,0.08053167681475111,0.9709155581073732,-0.01829923980793957,-0.020000000000000018,0.6932515337423313,0.018404907975460124,0.6748466257668712,restored_clean_context_like,True
mistral7b_v03,Mistral-7B-v0.3,mmlu_pro,self_verification_final_label,R6 Self-verification label,R6,verification,True,500,0.09074530212072882,0.7499567323059989,0.7659451326041742,0.31775293407729854,0.09084874490613813,0.08573451797585571,0.6592114301852701,0.6751998304834453,-0.015988400298175276,-0.024253827476386092,True,0.326,0.09,0.084,0.774,0.774,0.04929703646046345,0.98313772392197,0.40338259323253545,0.8437698901385688,0.08053167681475111,0.9709155581073732,-0.23201841610144283,-0.242,0.6932515337423313,0.6932515337423313,0.0,no_material_change,False
mistral7b_v03,Mistral-7B-v0.3,mmlu_pro,evidence_for_each_option_then_answer,R6 Evidence comparison label,R6,verification,False,500,0.09074530212072882,0.7499567323059989,0.7637480574714718,0.31775293407729854,0.09084874490613813,0.08638469321001517,0.6592114301852701,0.6730027553507429,-0.013791325165472879,-0.020920943621376305,True,0.326,0.09,0.088,0.77,0.77,0.06022244476800172,0.9797109300855109,0.40338259323253545,0.8437698901385688,0.08053167681475111,0.9709155581073732,-0.23136824086728336,-0.23800000000000002,0.6932515337423313,0.6871165644171779,0.006134969325153339,no_material_change,False
mistral7b_v03,Mistral-7B-v0.3,mmlu_pro,source_skepticism_reset,R2 Source skepticism reset,R2,source_skepticism,False,500,0.09074530212072882,0.7499567323059989,0.7388245886251155,0.31775293407729854,0.09084874490613813,0.09033792392498077,0.6592114301852701,0.6480792865043866,0.011132143680883444,0.016887061071976222,True,0.326,0.09,0.088,0.75,0.75,0.10361552179243802,0.9634418535040041,0.40338259323253545,0.8437698901385688,0.08053167681475111,0.9709155581073732,-0.22741501015231777,-0.23800000000000002,0.6932515337423313,0.6871165644171779,0.006134969325153339,no_material_change,False
mistral7b_v03,Mistral-7B-v0.3,truthfulqa_mc,ordinary_strong_reset,R0 Ordinary reset,R0,ordinary_reset,True,500,0.10493169119788996,0.3519581999484691,0.3519581999484691,0.6497950458048971,0.43857751096053416,0.43857751096053416,0.24702650875057913,0.24702650875057913,0.0,0.0,True,0.65,0.432,0.432,0.368,0.366,0.10183698053849995,0.9619382229935118,0.07876597178247637,0.9675391874868995,0.10183698053849995,0.9619382229935118,-0.21121753484436295,-0.21800000000000003,0.28,0.28,0.0,ordinary_reset_baseline,False
mistral7b_v03,Mistral-7B-v0.3,truthfulqa_mc,explicit_user_retraction,R1 User retraction,R1,user_retraction,True,500,0.10493169119788996,0.3519581999484691,0.3223259190820445,0.6497950458048971,0.43857751096053416,0.45866523857680774,0.24702650875057913,0.21739422788415452,0.02963228086642461,0.11995587443752487,True,0.65,0.432,0.452,0.334,0.328,0.12985710145262772,0.9496084893501107,0.07876597178247637,0.9675391874868995,0.10183698053849995,0.9619382229935118,-0.19112980722808937,-0.198,0.28,0.24615384615384617,0.03384615384615386,weak_wrong_suppression,False
mistral7b_v03,Mistral-7B-v0.3,truthfulqa_mc,system_level_reset,R2 System reset,R2,system_reset,True,500,0.10493169119788996,0.3519581999484691,0.3376086010812253,0.6497950458048971,0.43857751096053416,0.45758350580959223,0.24702650875057913,0.23267690988333534,0.014349598867243796,0.0580893076610352,True,0.65,0.432,0.452,0.352,0.35,0.12279856315641723,0.9518751985086349,0.07876597178247637,0.9675391874868995,0.10183698053849995,0.9619382229935118,-0.19221153999530488,-0.198,0.28,0.2676923076923077,0.012307692307692353,no_material_change,False
mistral7b_v03,Mistral-7B-v0.3,truthfulqa_mc,fresh_context_deletion,R3 Fresh context deletion,R3,context_removal,True,500,0.10493169119788996,0.3519581999484691,0.10493169119788996,0.6497950458048971,0.43857751096053416,0.6497950458048971,0.24702650875057913,0.0,0.24702650875057913,1.0,True,0.65,0.432,0.65,0.102,0.078,0.07876597178247637,0.9675391874868995,0.07876597178247637,0.9675391874868995,0.10183698053849995,0.9619382229935118,0.0,0.0,0.28,0.0,0.28,restored_clean_context_like,True
mistral7b_v03,Mistral-7B-v0.3,truthfulqa_mc,context_truncation,R3 Context truncation,R3,context_removal,True,500,0.10493169119788996,0.3519581999484691,0.10587523927789837,0.6497950458048971,0.43857751096053416,0.6587646791026958,0.24702650875057913,0.0009435480800084051,0.24608296067057073,0.9961803772203205,True,0.65,0.432,0.654,0.104,0.08,0.08674861058869007,0.9649075707302156,0.07876597178247637,0.9675391874868995,0.10183698053849995,0.9619382229935118,0.008969633297798651,0.0040000000000000036,0.28,0.009230769230769232,0.2707692307692308,restored_clean_context_like,True
mistral7b_v03,Mistral-7B-v0.3,truthfulqa_mc,neutral_summary_replacement,R4 Neutral summary,R4,neutral_summary,True,500,0.10493169119788996,0.3519581999484691,0.10517075038949164,0.6497950458048971,0.43857751096053416,0.6629225929253886,0.24702650875057913,0.00023905919160167877,0.24678744955897747,0.9990322528832603,True,0.65,0.432,0.662,0.106,0.084,0.11725268451755347,0.954020528840271,0.07876597178247637,0.9675391874868995,0.10183698053849995,0.9619382229935118,0.013127547120491467,0.01200000000000001,0.28,0.012307692307692308,0.26769230769230773,restored_clean_context_like,True
mistral7b_v03,Mistral-7B-v0.3,truthfulqa_mc,factual_state_reconstruction,R5 Factual-state reconstruction,R5,state_reconstruction,True,500,0.10493169119788996,0.3519581999484691,0.1106161967067543,0.6497950458048971,0.43857751096053416,0.6322884909136153,0.24702650875057913,0.005684505508864332,0.24134200324171481,0.9769882773406966,True,0.65,0.432,0.628,0.116,0.094,0.07869585293483419,0.9688338514781628,0.07876597178247637,0.9675391874868995,0.10183698053849995,0.9619382229935118,-0.017506554891281834,-0.02200000000000002,0.28,0.021538461538461538,0.25846153846153846,restored_clean_context_like,True
mistral7b_v03,Mistral-7B-v0.3,truthfulqa_mc,self_verification_final_label,R6 Self-verification label,R6,verification,True,500,0.10493169119788996,0.3519581999484691,0.37281946547040146,0.6497950458048971,0.43857751096053416,0.4223544681782483,0.24702650875057913,0.2678877742725115,-0.02086126552193235,-0.08444950150267401,True,0.65,0.432,0.422,0.376,0.376,0.06382373557860375,0.9765723930341376,0.07876597178247637,0.9675391874868995,0.10183698053849995,0.9619382229935118,-0.22744057762664882,-0.22800000000000004,0.28,0.30153846153846153,-0.021538461538461506,worse_than_reset,False
mistral7b_v03,Mistral-7B-v0.3,truthfulqa_mc,evidence_for_each_option_then_answer,R6 Evidence comparison label,R6,verification,False,500,0.10493169119788996,0.3519581999484691,0.37136758270789594,0.6497950458048971,0.43857751096053416,0.4239699078919257,0.24702650875057913,0.26643589151000596,-0.01940938275942683,-0.07857206442173517,True,0.65,0.432,0.424,0.38,0.374,0.07422598745178442,0.974340325417534,0.07876597178247637,0.9675391874868995,0.10183698053849995,0.9619382229935118,-0.22582513791297143,-0.22600000000000003,0.28,0.2953846153846154,-0.015384615384615385,no_material_change,False
mistral7b_v03,Mistral-7B-v0.3,truthfulqa_mc,source_skepticism_reset,R2 Source skepticism reset,R2,source_skepticism,False,500,0.10493169119788996,0.3519581999484691,0.3464788086691657,0.6497950458048971,0.43857751096053416,0.4387171413496432,0.24702650875057913,0.24154711747127572,0.005479391279303414,0.022181389790987636,True,0.65,0.432,0.442,0.358,0.352,0.1165900512532985,0.9559909861180563,0.07876597178247637,0.9675391874868995,0.10183698053849995,0.9619382229935118,-0.21107790445525393,-0.20800000000000002,0.28,0.27692307692307694,0.003076923076923088,no_material_change,False
qwen25_14b,Qwen2.5-14B,mmlu_pro,ordinary_strong_reset,R0 Ordinary reset,R0,ordinary_reset,True,500,0.08411410963399409,0.3562200871405451,0.3562200871405451,0.4579861958329038,0.35949037997262107,0.35949037997262107,0.272105977506551,0.272105977506551,0.0,0.0,True,0.456,0.36,0.36,0.358,0.358,0.06108477517352711,0.9755509152198182,0.20759489080808452,0.9175657102947384,0.06108477517352711,0.9755509152198182,-0.09849581586028272,-0.09600000000000003,0.2149122807017544,0.2149122807017544,0.0,ordinary_reset_baseline,False
qwen25_14b,Qwen2.5-14B,mmlu_pro,explicit_user_retraction,R1 User retraction,R1,user_retraction,True,500,0.08411410963399409,0.3562200871405451,0.239604410520809,0.4579861958329038,0.35949037997262107,0.3971396714007477,0.272105977506551,0.15549030088681493,0.1166156766197361,0.4285671255308184,True,0.456,0.36,0.392,0.244,0.244,0.12292122336909711,0.950247710954444,0.20759489080808452,0.9175657102947384,0.06108477517352711,0.9755509152198182,-0.0608465244321561,-0.064,0.2149122807017544,0.12719298245614036,0.08771929824561403,genuine_repair_like,False
qwen25_14b,Qwen2.5-14B,mmlu_pro,system_level_reset,R2 System reset,R2,system_reset,True,500,0.08411410963399409,0.3562200871405451,0.33284348569938443,0.4579861958329038,0.35949037997262107,0.36008657408041117,0.272105977506551,0.24872937606539036,0.02337660144116066,0.08590991515648665,True,0.456,0.36,0.362,0.33,0.33,0.0751993860884017,0.9690356881541551,0.20759489080808452,0.9175657102947384,0.06108477517352711,0.9755509152198182,-0.09789962175249262,-0.09400000000000003,0.2149122807017544,0.19736842105263158,0.017543859649122806,weak_wrong_suppression,False
qwen25_14b,Qwen2.5-14B,mmlu_pro,fresh_context_deletion,R3 Fresh context deletion,R3,context_removal,True,500,0.08411410963399409,0.3562200871405451,0.08411410963399409,0.4579861958329038,0.35949037997262107,0.4579861958329038,0.272105977506551,0.0,0.272105977506551,1.0,True,0.456,0.36,0.456,0.084,0.084,0.20759489080808452,0.9175657102947384,0.20759489080808452,0.9175657102947384,0.06108477517352711,0.9755509152198182,0.0,0.0,0.2149122807017544,0.0,0.2149122807017544,restored_clean_context_like,True
qwen25_14b,Qwen2.5-14B,mmlu_pro,context_truncation,R3 Context truncation,R3,context_removal,True,500,0.08411410963399409,0.3562200871405451,0.08212298131775098,0.4579861958329038,0.35949037997262107,0.45912015038038384,0.272105977506551,-0.00199112831624311,0.2740971058227941,1.0073174736346804,True,0.456,0.36,0.458,0.082,0.082,0.22245716072905974,0.9091923034737627,0.20759489080808452,0.9175657102947384,0.06108477517352711,0.9755509152198182,0.0011339545474800539,0.0020000000000000018,0.2149122807017544,0.0043859649122807015,0.21052631578947367,restored_clean_context_like,True
qwen25_14b,Qwen2.5-14B,mmlu_pro,neutral_summary_replacement,R4 Neutral summary,R4,neutral_summary,True,500,0.08411410963399409,0.3562200871405451,0.08369841562659396,0.4579861958329038,0.35949037997262107,0.4619861665175606,0.272105977506551,-0.0004156940074001303,0.2725216715139511,1.0015276915678564,True,0.456,0.36,0.458,0.086,0.086,0.19586748782114619,0.9235280998179909,0.20759489080808452,0.9175657102947384,0.06108477517352711,0.9755509152198182,0.003999970684656795,0.0020000000000000018,0.2149122807017544,0.0043859649122807015,0.21052631578947367,restored_clean_context_like,True
qwen25_14b,Qwen2.5-14B,mmlu_pro,factual_state_reconstruction,R5 Factual-state reconstruction,R5,state_reconstruction,True,500,0.08411410963399409,0.3562200871405451,0.08082455151360494,0.4579861958329038,0.35949037997262107,0.45848549545722883,0.272105977506551,-0.003289558120389141,0.27539553562694014,1.0120892534244674,True,0.456,0.36,0.468,0.078,0.078,0.19500170405202147,0.9218818384480724,0.20759489080808452,0.9175657102947384,0.06108477517352711,0.9755509152198182,0.0004992996243250447,0.01200000000000001,0.2149122807017544,0.0043859649122807015,0.21052631578947367,restored_clean_context_like,True
qwen25_14b,Qwen2.5-14B,mmlu_pro,self_verification_final_label,R6 Self-verification label,R6,verification,True,500,0.08411410963399409,0.3562200871405451,0.3434126783449159,0.4579861958329038,0.35949037997262107,0.35129759127488885,0.272105977506551,0.25929856871092183,0.012807408795629194,0.04706772307242259,True,0.456,0.36,0.352,0.342,0.342,0.05225645310252215,0.9781480034860967,0.20759489080808452,0.9175657102947384,0.06108477517352711,0.9755509152198182,-0.10668860455801493,-0.10400000000000004,0.2149122807017544,0.2149122807017544,0.0,no_material_change,False
qwen25_14b,Qwen2.5-14B,mmlu_pro,evidence_for_each_option_then_answer,R6 Evidence comparison label,R6,verification,False,500,0.08411410963399409,0.3562200871405451,0.32814719024692407,0.4579861958329038,0.35949037997262107,0.3552555231440382,0.272105977506551,0.24403308061293,0.028072896893621024,0.10316898272822823,True,0.456,0.36,0.354,0.332,0.332,0.06354166450035946,0.97383782650473,0.20759489080808452,0.9175657102947384,0.06108477517352711,0.9755509152198182,-0.1027306726888656,-0.10200000000000004,0.2149122807017544,0.19298245614035087,0.02192982456140352,weak_wrong_suppression,False
qwen25_14b,Qwen2.5-14B,mmlu_pro,source_skepticism_reset,R2 Source skepticism reset,R2,source_skepticism,False,500,0.08411410963399409,0.3562200871405451,0.2893261023210235,0.4579861958329038,0.35949037997262107,0.36567613082935496,0.272105977506551,0.20521199268702944,0.06689398481952158,0.2458379835404795,True,0.456,0.36,0.364,0.29,0.29,0.09478187692860096,0.9626690100995409,0.20759489080808452,0.9175657102947384,0.06108477517352711,0.9755509152198182,-0.09231006500354882,-0.09200000000000003,0.2149122807017544,0.15350877192982457,0.06140350877192982,flattening_or_suppression,False
qwen25_14b,Qwen2.5-14B,truthfulqa_mc,ordinary_strong_reset,R0 Ordinary reset,R0,ordinary_reset,True,500,0.0760056316692018,0.11270330468859475,0.11270330468859475,0.7638977684016972,0.7371876105987033,0.7371876105987033,0.03669767301939296,0.03669767301939296,0.0,0.0,False,0.762,0.738,0.738,0.114,0.11,0.01469712542616789,0.9943077718682377,0.054430648861653295,0.9786185337915968,0.01469712542616789,0.9943077718682377,-0.026710157802993906,-0.02400000000000002,0.04461942257217848,0.04461942257217848,0.0,restored_clean_context_like,True
qwen25_14b,Qwen2.5-14B,truthfulqa_mc,explicit_user_retraction,R1 User retraction,R1,user_retraction,True,500,0.0760056316692018,0.11270330468859475,0.07985002246231462,0.7638977684016972,0.7371876105987033,0.7533501242305451,0.03669767301939296,0.0038443907931128285,0.03285328222628013,0.8952415650147285,False,0.762,0.738,0.754,0.082,0.08,0.0271945136540282,0.9886664288510563,0.054430648861653295,0.9786185337915968,0.01469712542616789,0.9943077718682377,-0.01054764417115206,-0.008000000000000007,0.04461942257217848,0.026246719160104987,0.01837270341207349,restored_clean_context_like,True
qwen25_14b,Qwen2.5-14B,truthfulqa_mc,system_level_reset,R2 System reset,R2,system_reset,True,500,0.0760056316692018,0.11270330468859475,0.10718745003892456,0.7638977684016972,0.7371876105987033,0.732671974182877,0.03669767301939296,0.031181818369722766,0.005515854649670193,0.15030529719841715,False,0.762,0.738,0.732,0.108,0.106,0.031035814515622075,0.9868279011327392,0.054430648861653295,0.9786185337915968,0.01469712542616789,0.9943077718682377,-0.031225794218820213,-0.030000000000000027,0.04461942257217848,0.04199475065616798,0.0026246719160104987,restored_clean_context_like,True
qwen25_14b,Qwen2.5-14B,truthfulqa_mc,fresh_context_deletion,R3 Fresh context deletion,R3,context_removal,True,500,0.0760056316692018,0.11270330468859475,0.0760056316692018,0.7638977684016972,0.7371876105987033,0.7638977684016972,0.03669767301939296,0.0,0.03669767301939296,1.0,False,0.762,0.738,0.762,0.078,0.078,0.054430648861653295,0.9786185337915968,0.054430648861653295,0.9786185337915968,0.01469712542616789,0.9943077718682377,0.0,0.0,0.04461942257217848,0.0,0.04461942257217848,restored_clean_context_like,True
qwen25_14b,Qwen2.5-14B,truthfulqa_mc,context_truncation,R3 Context truncation,R3,context_removal,True,500,0.0760056316692018,0.11270330468859475,0.06994125393420762,0.7638977684016972,0.7371876105987033,0.7870877189637346,0.03669767301939296,-0.006064377734994172,0.04276205075438713,1.16525237804014,False,0.762,0.738,0.79,0.07,0.07,0.05684197443119552,0.977459363530168,0.054430648861653295,0.9786185337915968,0.01469712542616789,0.9943077718682377,0.02318995056203743,0.028000000000000025,0.04461942257217848,0.0,0.04461942257217848,restored_clean_context_like,True
qwen25_14b,Qwen2.5-14B,truthfulqa_mc,neutral_summary_replacement,R4 Neutral summary,R4,neutral_summary,True,500,0.0760056316692018,0.11270330468859475,0.07523369085121435,0.7638977684016972,0.7371876105987033,0.7360940633294338,0.03669767301939296,-0.0007719408179874404,0.0374696138373804,1.0210351434975047,False,0.762,0.738,0.738,0.076,0.076,0.05836807876132893,0.9755278851075182,0.054430648861653295,0.9786185337915968,0.01469712542616789,0.9943077718682377,-0.027803705072263374,-0.02400000000000002,0.04461942257217848,0.007874015748031496,0.03674540682414698,restored_clean_context_like,True
qwen25_14b,Qwen2.5-14B,truthfulqa_mc,factual_state_reconstruction,R5 Factual-state reconstruction,R5,state_reconstruction,True,500,0.0760056316692018,0.11270330468859475,0.059502780961915504,0.7638977684016972,0.7371876105987033,0.8178031258638027,0.03669767301939296,-0.01650285070728629,0.05320052372667925,1.4496974698795024,False,0.762,0.738,0.822,0.058,0.058,0.05842720864454186,0.9752653706884041,0.054430648861653295,0.9786185337915968,0.01469712542616789,0.9943077718682377,0.05390535746210545,0.05999999999999994,0.04461942257217848,0.0,0.04461942257217848,restored_clean_context_like,True
qwen25_14b,Qwen2.5-14B,truthfulqa_mc,self_verification_final_label,R6 Self-verification label,R6,verification,True,500,0.0760056316692018,0.11270330468859475,0.10275706214919884,0.7638977684016972,0.7371876105987033,0.7406183367914576,0.03669767301939296,0.02675143047999705,0.00994624253939591,0.2710319679980744,False,0.762,0.738,0.738,0.106,0.106,0.0282326259355341,0.9886378843445223,0.054430648861653295,0.9786185337915968,0.01469712542616789,0.9943077718682377,-0.023279431610239598,-0.02400000000000002,0.04461942257217848,0.04199475065616798,0.0026246719160104987,restored_clean_context_like,True
qwen25_14b,Qwen2.5-14B,truthfulqa_mc,evidence_for_each_option_then_answer,R6 Evidence comparison label,R6,verification,False,500,0.0760056316692018,0.11270330468859475,0.09638792033847915,0.7638977684016972,0.7371876105987033,0.7341808218683759,0.03669767301939296,0.020382288669277354,0.016315384350115605,0.44458907085181415,False,0.762,0.738,0.734,0.098,0.096,0.030879179837933375,0.9873396581036233,0.054430648861653295,0.9786185337915968,0.01469712542616789,0.9943077718682377,-0.029716946533321353,-0.028000000000000025,0.04461942257217848,0.03937007874015748,0.005249343832020997,restored_clean_context_like,True
qwen25_14b,Qwen2.5-14B,truthfulqa_mc,source_skepticism_reset,R2 Source skepticism reset,R2,source_skepticism,False,500,0.0760056316692018,0.11270330468859475,0.08310710549681494,0.7638977684016972,0.7371876105987033,0.7563090818772228,0.03669767301939296,0.007101473827613142,0.029596199191779818,0.8064870809694022,False,0.762,0.738,0.752,0.086,0.084,0.03874611452430739,0.9838586830113287,0.054430648861653295,0.9786185337915968,0.01469712542616789,0.9943077718682377,-0.0075886865244744195,-0.010000000000000009,0.04461942257217848,0.031496062992125984,0.013123359580052493,restored_clean_context_like,True
qwen25_15b,Qwen2.5-1.5B,mmlu_pro,ordinary_strong_reset,R0 Ordinary reset,R0,ordinary_reset,True,500,0.09124088678329587,0.7255437898838972,0.7255437898838972,0.27351936797149473,0.09121966906346489,0.09121966906346489,0.6343029031006013,0.6343029031006013,0.0,0.0,True,0.274,0.086,0.086,0.752,0.752,0.19013488936780873,0.9431557885617787,0.6463876681116963,0.7677177392674661,0.19013488936780873,0.9431557885617787,-0.18229969890802983,-0.18800000000000003,0.7299270072992701,0.7299270072992701,0.0,ordinary_reset_baseline,False
qwen25_15b,Qwen2.5-1.5B,mmlu_pro,explicit_user_retraction,R1 User retraction,R1,user_retraction,True,500,0.09124088678329587,0.7255437898838972,0.6331113193226292,0.27351936797149473,0.09121966906346489,0.11317560236200953,0.6343029031006013,0.5418704325393333,0.09243247056126802,0.14572291898624354,True,0.274,0.086,0.116,0.668,0.668,0.3499545809522487,0.8863411848227727,0.6463876681116963,0.7677177392674661,0.19013488936780873,0.9431557885617787,-0.1603437656094852,-0.15800000000000003,0.7299270072992701,0.5766423357664233,0.15328467153284675,flattening_or_suppression,False
qwen25_15b,Qwen2.5-1.5B,mmlu_pro,system_level_reset,R2 System reset,R2,system_reset,True,500,0.09124088678329587,0.7255437898838972,0.7566388378631375,0.27351936797149473,0.09121966906346489,0.0803756554781641,0.6343029031006013,0.6653979510798416,-0.03109504797924023,-0.049022395810016516,True,0.274,0.086,0.076,0.768,0.768,0.1067348996138961,0.9704885900683692,0.6463876681116963,0.7677177392674661,0.19013488936780873,0.9431557885617787,-0.19314371249333062,-0.198,0.7299270072992701,0.7445255474452555,-0.014598540145985384,worse_than_reset,False
qwen25_15b,Qwen2.5-1.5B,mmlu_pro,fresh_context_deletion,R3 Fresh context deletion,R3,context_removal,True,500,0.09124088678329587,0.7255437898838972,0.09124088678329587,0.27351936797149473,0.09121966906346489,0.27351936797149473,0.6343029031006013,0.0,0.6343029031006013,1.0,True,0.274,0.086,0.274,0.084,0.084,0.6463876681116963,0.7677177392674661,0.6463876681116963,0.7677177392674661,0.19013488936780873,0.9431557885617787,0.0,0.0,0.7299270072992701,0.0,0.7299270072992701,restored_clean_context_like,True
qwen25_15b,Qwen2.5-1.5B,mmlu_pro,context_truncation,R3 Context truncation,R3,context_removal,True,500,0.09124088678329587,0.7255437898838972,0.09106594570546454,0.27351936797149473,0.09121966906346489,0.2711807894377118,0.6343029031006013,-0.00017494107783132262,0.6344778441784327,1.0002758005315382,True,0.274,0.086,0.288,0.09,0.09,0.6504249203157123,0.7684884688111641,0.6463876681116963,0.7677177392674661,0.19013488936780873,0.9431557885617787,-0.0023385785337829423,0.013999999999999957,0.7299270072992701,0.0072992700729927005,0.7226277372262774,restored_clean_context_like,True
qwen25_15b,Qwen2.5-1.5B,mmlu_pro,neutral_summary_replacement,R4 Neutral summary,R4,neutral_summary,True,500,0.09124088678329587,0.7255437898838972,0.08937283625935255,0.27351936797149473,0.09121966906346489,0.26727756674092523,0.6343029031006013,-0.0018680505239433154,0.6361709536245447,1.002945044890717,True,0.274,0.086,0.278,0.082,0.082,0.6349446185085018,0.774832769943585,0.6463876681116963,0.7677177392674661,0.19013488936780873,0.9431557885617787,-0.006241801230569499,0.0040000000000000036,0.7299270072992701,0.014598540145985401,0.7153284671532847,restored_clean_context_like,True
qwen25_15b,Qwen2.5-1.5B,mmlu_pro,factual_state_reconstruction,R5 Factual-state reconstruction,R5,state_reconstruction,True,500,0.09124088678329587,0.7255437898838972,0.09700003869213057,0.27351936797149473,0.09121966906346489,0.26668038964491103,0.6343029031006013,0.005759151908834706,0.6285437511917666,0.9909205020492847,True,0.274,0.086,0.266,0.096,0.096,0.5700518835104966,0.7919086308366261,0.6463876681116963,0.7677177392674661,0.19013488936780873,0.9431557885617787,-0.0068389783265837,-0.008000000000000007,0.7299270072992701,0.0072992700729927005,0.7226277372262774,restored_clean_context_like,True
qwen25_15b,Qwen2.5-1.5B,mmlu_pro,self_verification_final_label,R6 Self-verification label,R6,verification,True,500,0.09124088678329587,0.7255437898838972,0.7604504928882215,0.27351936797149473,0.09121966906346489,0.08107696373890895,0.6343029031006013,0.6692096061049256,-0.0349067030043243,-0.05503159899425535,True,0.274,0.086,0.078,0.772,0.772,0.10360675844150209,0.9711940164268654,0.6463876681116963,0.7677177392674661,0.19013488936780873,0.9431557885617787,-0.1924424042325858,-0.196,0.7299270072992701,0.7445255474452555,-0.014598540145985384,worse_than_reset,False
qwen25_15b,Qwen2.5-1.5B,mmlu_pro,evidence_for_each_option_then_answer,R6 Evidence comparison label,R6,verification,False,500,0.09124088678329587,0.7255437898838972,0.764443620515493,0.27351936797149473,0.09121966906346489,0.07761493002688423,0.6343029031006013,0.6732027337321971,-0.038899830631595744,-0.061326899879293434,True,0.274,0.086,0.074,0.786,0.784,0.13455704823096395,0.9601510190564011,0.6463876681116963,0.7677177392674661,0.19013488936780873,0.9431557885617787,-0.1959044379446105,-0.2,0.7299270072992701,0.7591240875912408,-0.029197080291970767,worse_than_reset,False
qwen25_15b,Qwen2.5-1.5B,mmlu_pro,source_skepticism_reset,R2 Source skepticism reset,R2,source_skepticism,False,500,0.09124088678329587,0.7255437898838972,0.7473224730122954,0.27351936797149473,0.09121966906346489,0.08417535685664373,0.6343029031006013,0.6560815862289995,-0.021778683128398146,-0.0343348312327431,True,0.274,0.086,0.082,0.768,0.768,0.1678045953918842,0.9512766710382637,0.6463876681116963,0.7677177392674661,0.19013488936780873,0.9431557885617787,-0.189344011114851,-0.192,0.7299270072992701,0.7372262773722628,-0.007299270072992692,worse_than_reset,False
qwen25_15b,Qwen2.5-1.5B,truthfulqa_mc,ordinary_strong_reset,R0 Ordinary reset,R0,ordinary_reset,True,500,0.1655446841983342,0.665038211760447,0.665038211760447,0.49042218553868866,0.09048553739922005,0.09048553739922005,0.49949352756211274,0.49949352756211274,0.0,0.0,True,0.492,0.088,0.088,0.672,0.67,0.12468974123629827,0.9570821777077655,0.21983318528944187,0.9131744433540016,0.12468974123629827,0.9570821777077655,-0.3999366481394686,-0.404,0.6260162601626016,0.6260162601626016,0.0,ordinary_reset_baseline,False
qwen25_15b,Qwen2.5-1.5B,truthfulqa_mc,explicit_user_retraction,R1 User retraction,R1,user_retraction,True,500,0.1655446841983342,0.665038211760447,0.5924847071170134,0.49042218553868866,0.09048553739922005,0.09656624434908054,0.49949352756211274,0.42694002291867916,0.07255350464343358,0.1452541437274409,True,0.492,0.088,0.088,0.604,0.596,0.1968299701234928,0.928239407345835,0.21983318528944187,0.9131744433540016,0.12468974123629827,0.9570821777077655,-0.3938559411896081,-0.404,0.6260162601626016,0.5528455284552846,0.07317073170731703,flattening_or_suppression,False
qwen25_15b,Qwen2.5-1.5B,truthfulqa_mc,system_level_reset,R2 System reset,R2,system_reset,True,500,0.1655446841983342,0.665038211760447,0.7388059115548529,0.49042218553868866,0.09048553739922005,0.05826340867196484,0.49949352756211274,0.5732612273565186,-0.0737676997944059,-0.14768499634909238,True,0.492,0.088,0.06,0.74,0.732,0.05049618241458687,0.9839459259467912,0.21983318528944187,0.9131744433540016,0.12468974123629827,0.9570821777077655,-0.4321587768667238,-0.432,0.6260162601626016,0.6991869918699187,-0.07317073170731714,worse_than_reset,False
qwen25_15b,Qwen2.5-1.5B,truthfulqa_mc,fresh_context_deletion,R3 Fresh context deletion,R3,context_removal,True,500,0.1655446841983342,0.665038211760447,0.1655446841983342,0.49042218553868866,0.09048553739922005,0.49042218553868866,0.49949352756211274,0.0,0.49949352756211274,1.0,True,0.492,0.088,0.492,0.168,0.164,0.21983318528944187,0.9131744433540016,0.21983318528944187,0.9131744433540016,0.12468974123629827,0.9570821777077655,0.0,0.0,0.6260162601626016,0.0,0.6260162601626016,restored_clean_context_like,True
qwen25_15b,Qwen2.5-1.5B,truthfulqa_mc,context_truncation,R3 Context truncation,R3,context_removal,True,500,0.1655446841983342,0.665038211760447,0.1474169940269736,0.49042218553868866,0.09048553739922005,0.5425281820266541,0.49949352756211274,-0.018127690171360594,0.5176212177334734,1.036292142282277,True,0.492,0.088,0.542,0.144,0.14,0.23287594348901836,0.9082944557675389,0.21983318528944187,0.9131744433540016,0.12468974123629827,0.9570821777077655,0.052105996487965434,0.050000000000000044,0.6260162601626016,0.016260162601626018,0.6097560975609756,restored_clean_context_like,True
qwen25_15b,Qwen2.5-1.5B,truthfulqa_mc,neutral_summary_replacement,R4 Neutral summary,R4,neutral_summary,True,500,0.1655446841983342,0.665038211760447,0.18576800501004073,0.49042218553868866,0.09048553739922005,0.43090998937588315,0.49949352756211274,0.020223320811706524,0.4792702067504062,0.9595123466155591,True,0.492,0.088,0.432,0.184,0.18,0.24414628292939258,0.9069206916424902,0.21983318528944187,0.9131744433540016,0.12468974123629827,0.9570821777077655,-0.05951219616280551,-0.06,0.6260162601626016,0.04065040650406504,0.5853658536585366,genuine_repair_like,False
qwen25_15b,Qwen2.5-1.5B,truthfulqa_mc,factual_state_reconstruction,R5 Factual-state reconstruction,R5,state_reconstruction,True,500,0.1655446841983342,0.665038211760447,0.18983505220557767,0.49042218553868866,0.09048553739922005,0.3894439229055246,0.49949352756211274,0.024290368007243462,0.4752031595548693,0.9513700044807429,True,0.492,0.088,0.388,0.184,0.18,0.21898159918815702,0.9161449173917815,0.21983318528944187,0.9131744433540016,0.12468974123629827,0.9570821777077655,-0.10097826263316406,-0.10399999999999998,0.6260162601626016,0.044715447154471545,0.5813008130081301,genuine_repair_like,False
qwen25_15b,Qwen2.5-1.5B,truthfulqa_mc,self_verification_final_label,R6 Self-verification label,R6,verification,True,500,0.1655446841983342,0.665038211760447,0.731667634536303,0.49042218553868866,0.09048553739922005,0.06097926594434307,0.49949352756211274,0.5661229503379688,-0.06662942277585604,-0.13339396628632105,True,0.492,0.088,0.058,0.734,0.728,0.06970109354482162,0.9753094498607257,0.21983318528944187,0.9131744433540016,0.12468974123629827,0.9570821777077655,-0.4294429195943456,-0.434,0.6260162601626016,0.6910569105691057,-0.06504065040650409,worse_than_reset,False
qwen25_15b,Qwen2.5-1.5B,truthfulqa_mc,evidence_for_each_option_then_answer,R6 Evidence comparison label,R6,verification,False,500,0.1655446841983342,0.665038211760447,0.7348983210888166,0.49042218553868866,0.09048553739922005,0.06423819968883664,0.49949352756211274,0.5693536368904824,-0.06986010932836961,-0.13986189104258695,True,0.492,0.088,0.062,0.742,0.738,0.09240598701087187,0.9658951546817597,0.21983318528944187,0.9131744433540016,0.12468974123629827,0.9570821777077655,-0.426183985849852,-0.43,0.6260162601626016,0.7032520325203252,-0.07723577235772361,worse_than_reset,False
qwen25_15b,Qwen2.5-1.5B,truthfulqa_mc,source_skepticism_reset,R2 Source skepticism reset,R2,source_skepticism,False,500,0.1655446841983342,0.665038211760447,0.7093983310180858,0.49042218553868866,0.09048553739922005,0.07693422359166334,0.49949352756211274,0.5438536468197516,-0.04436011925763883,-0.08881019835061343,True,0.492,0.088,0.068,0.72,0.714,0.1146032749361073,0.9589444021569398,0.21983318528944187,0.9131744433540016,0.12468974123629827,0.9570821777077655,-0.4134879619470253,-0.424,0.6260162601626016,0.6788617886178862,-0.05284552845528456,worse_than_reset,False
qwen25_7b,Qwen2.5-7B,mmlu_pro,ordinary_strong_reset,R0 Ordinary reset,R0,ordinary_reset,True,500,0.0806055196700934,0.3425486287853029,0.3425486287853029,0.42572695217928047,0.3066716499963202,0.3066716499963202,0.2619431091152095,0.2619431091152095,0.0,0.0,True,0.424,0.306,0.306,0.344,0.344,0.0322998079241567,0.9880170780244186,0.302892112149607,0.8813293909865849,0.0322998079241567,0.9880170780244186,-0.11905530218296029,-0.118,0.24056603773584906,0.24056603773584906,0.0,ordinary_reset_baseline,False
qwen25_7b,Qwen2.5-7B,mmlu_pro,explicit_user_retraction,R1 User retraction,R1,user_retraction,True,500,0.0806055196700934,0.3425486287853029,0.3047216018159843,0.42572695217928047,0.3066716499963202,0.3116010421614126,0.2619431091152095,0.2241160821458909,0.03782702696931861,0.1444093226849548,True,0.424,0.306,0.31,0.316,0.316,0.08025980186484881,0.9696232063164798,0.302892112149607,0.8813293909865849,0.0322998079241567,0.9880170780244186,-0.11412591001786787,-0.11399999999999999,0.24056603773584906,0.22169811320754718,0.018867924528301883,weak_wrong_suppression,False
qwen25_7b,Qwen2.5-7B,mmlu_pro,system_level_reset,R2 System reset,R2,system_reset,True,500,0.0806055196700934,0.3425486287853029,0.34595759043642854,0.42572695217928047,0.3066716499963202,0.3022207675108713,0.2619431091152095,0.26535207076633516,-0.0034089616511256415,-0.01301412991027105,True,0.424,0.306,0.3,0.35,0.35,0.02424430648876482,0.9929335550976155,0.302892112149607,0.8813293909865849,0.0322998079241567,0.9880170780244186,-0.12350618466840918,-0.124,0.24056603773584906,0.25,-0.009433962264150941,no_material_change,False
qwen25_7b,Qwen2.5-7B,mmlu_pro,fresh_context_deletion,R3 Fresh context deletion,R3,context_removal,True,500,0.0806055196700934,0.3425486287853029,0.0806055196700934,0.42572695217928047,0.3066716499963202,0.42572695217928047,0.2619431091152095,0.0,0.2619431091152095,1.0,True,0.424,0.306,0.424,0.084,0.084,0.302892112149607,0.8813293909865849,0.302892112149607,0.8813293909865849,0.0322998079241567,0.9880170780244186,0.0,0.0,0.24056603773584906,0.0,0.24056603773584906,restored_clean_context_like,True
qwen25_7b,Qwen2.5-7B,mmlu_pro,context_truncation,R3 Context truncation,R3,context_removal,True,500,0.0806055196700934,0.3425486287853029,0.08151693145925953,0.42572695217928047,0.3066716499963202,0.42298356171512896,0.2619431091152095,0.0009114117891661361,0.26103169732604337,0.9965205735235994,True,0.424,0.306,0.432,0.088,0.088,0.28657270986391903,0.8884062317079052,0.302892112149607,0.8813293909865849,0.0322998079241567,0.9880170780244186,-0.0027433904641515072,0.008000000000000007,0.24056603773584906,0.0,0.24056603773584906,restored_clean_context_like,True
qwen25_7b,Qwen2.5-7B,mmlu_pro,neutral_summary_replacement,R4 Neutral summary,R4,neutral_summary,True,500,0.0806055196700934,0.3425486287853029,0.08607913697525782,0.42572695217928047,0.3066716499963202,0.42210306441832735,0.2619431091152095,0.005473617305164422,0.2564694918100451,0.9791037934777013,True,0.424,0.306,0.424,0.086,0.086,0.2798260437189643,0.8938638653468479,0.302892112149607,0.8813293909865849,0.0322998079241567,0.9880170780244186,-0.003623887760953126,0.0,0.24056603773584906,0.009433962264150943,0.23113207547169812,restored_clean_context_like,True
qwen25_7b,Qwen2.5-7B,mmlu_pro,factual_state_reconstruction,R5 Factual-state reconstruction,R5,state_reconstruction,True,500,0.0806055196700934,0.3425486287853029,0.07601806508548375,0.42572695217928047,0.3066716499963202,0.41507343811112346,0.2619431091152095,-0.004587454584609643,0.26653056369981915,1.0175131714672896,True,0.424,0.306,0.418,0.084,0.084,0.2896461380049294,0.8836911151131374,0.302892112149607,0.8813293909865849,0.0322998079241567,0.9880170780244186,-0.01065351406815701,-0.006000000000000005,0.24056603773584906,0.0,0.24056603773584906,restored_clean_context_like,True
qwen25_7b,Qwen2.5-7B,mmlu_pro,self_verification_final_label,R6 Self-verification label,R6,verification,True,500,0.0806055196700934,0.3425486287853029,0.3431229247085033,0.42572695217928047,0.3066716499963202,0.30642011759336035,0.2619431091152095,0.2625174050384099,-0.0005742959232004075,-0.002192445241794152,True,0.424,0.306,0.306,0.346,0.346,0.021181140798572935,0.992949515568326,0.302892112149607,0.8813293909865849,0.0322998079241567,0.9880170780244186,-0.11930683458592012,-0.118,0.24056603773584906,0.24528301886792453,-0.004716981132075471,no_material_change,False
qwen25_7b,Qwen2.5-7B,mmlu_pro,evidence_for_each_option_then_answer,R6 Evidence comparison label,R6,verification,False,500,0.0806055196700934,0.3425486287853029,0.34182185309918234,0.42572695217928047,0.3066716499963202,0.30685045976787617,0.2619431091152095,0.26121633342908895,0.0007267756861205621,0.0027745554696035424,True,0.424,0.306,0.308,0.344,0.344,0.030110987294048347,0.9898786321347242,0.302892112149607,0.8813293909865849,0.0322998079241567,0.9880170780244186,-0.1188764924114043,-0.11599999999999999,0.24056603773584906,0.2358490566037736,0.004716981132075471,no_material_change,False
qwen25_7b,Qwen2.5-7B,mmlu_pro,source_skepticism_reset,R2 Source skepticism reset,R2,source_skepticism,False,500,0.0806055196700934,0.3425486287853029,0.34206913933968885,0.42572695217928047,0.3066716499963202,0.30597907768130356,0.2619431091152095,0.26146361966959547,0.0004794894456140453,0.0018305098661830159,True,0.424,0.306,0.306,0.342,0.342,0.024034790304910583,0.9909757089479908,0.302892112149607,0.8813293909865849,0.0322998079241567,0.9880170780244186,-0.11974787449797691,-0.118,0.24056603773584906,0.24528301886792453,-0.004716981132075471,no_material_change,False
qwen25_7b,Qwen2.5-7B,truthfulqa_mc,ordinary_strong_reset,R0 Ordinary reset,R0,ordinary_reset,True,500,0.09597502619342342,0.10693740521256323,0.10693740521256323,0.7065809558702578,0.663587758265818,0.663587758265818,0.010962379019139809,0.010962379019139809,0.0,0.0,False,0.7,0.666,0.666,0.106,0.106,0.017958292746717595,0.9939040095759486,0.08730036091891251,0.9640907444778923,0.017958292746717595,0.9939040095759486,-0.04299319760443987,-0.03399999999999992,0.045714285714285714,0.045714285714285714,0.0,ordinary_reset_baseline,False
qwen25_7b,Qwen2.5-7B,truthfulqa_mc,explicit_user_retraction,R1 User retraction,R1,user_retraction,True,500,0.09597502619342342,0.10693740521256323,0.10237640967167151,0.7065809558702578,0.663587758265818,0.6619717289084898,0.010962379019139809,0.0064013834782480905,0.0045609955408917185,0.41605891685814095,False,0.7,0.666,0.664,0.104,0.104,0.029773767769834862,0.9883302393425878,0.08730036091891251,0.9640907444778923,0.017958292746717595,0.9939040095759486,-0.044609226961768056,-0.03599999999999992,0.045714285714285714,0.04285714285714286,0.0028571428571428567,no_material_change,False
qwen25_7b,Qwen2.5-7B,truthfulqa_mc,system_level_reset,R2 System reset,R2,system_reset,True,500,0.09597502619342342,0.10693740521256323,0.10767826943594201,0.7065809558702578,0.663587758265818,0.6569209392800981,0.010962379019139809,0.01170324324251859,-0.0007408642233787816,-0.06758243097463304,False,0.7,0.666,0.654,0.108,0.108,0.02654009491136635,0.9901793730117455,0.08730036091891251,0.9640907444778923,0.017958292746717595,0.9939040095759486,-0.04966001659015973,-0.04599999999999993,0.045714285714285714,0.045714285714285714,0.0,no_material_change,False
qwen25_7b,Qwen2.5-7B,truthfulqa_mc,fresh_context_deletion,R3 Fresh context deletion,R3,context_removal,True,500,0.09597502619342342,0.10693740521256323,0.09597502619342342,0.7065809558702578,0.663587758265818,0.7065809558702578,0.010962379019139809,0.0,0.010962379019139809,1.0,False,0.7,0.666,0.7,0.102,0.102,0.08730036091891251,0.9640907444778923,0.08730036091891251,0.9640907444778923,0.017958292746717595,0.9939040095759486,0.0,0.0,0.045714285714285714,0.0,0.045714285714285714,restored_clean_context_like,True
qwen25_7b,Qwen2.5-7B,truthfulqa_mc,context_truncation,R3 Context truncation,R3,context_removal,True,500,0.09597502619342342,0.10693740521256323,0.08890965541664793,0.7065809558702578,0.663587758265818,0.7482583245881618,0.010962379019139809,-0.0070653707767754925,0.0180277497959153,1.644510718379622,False,0.7,0.666,0.746,0.088,0.088,0.07896002958327568,0.9688819822705472,0.08730036091891251,0.9640907444778923,0.017958292746717595,0.9939040095759486,0.04167736871790395,0.04600000000000004,0.045714285714285714,0.002857142857142857,0.04285714285714286,restored_clean_context_like,True
qwen25_7b,Qwen2.5-7B,truthfulqa_mc,neutral_summary_replacement,R4 Neutral summary,R4,neutral_summary,True,500,0.09597502619342342,0.10693740521256323,0.09968450176409209,0.7065809558702578,0.663587758265818,0.7309155034288017,0.010962379019139809,0.003709475570668669,0.00725290344847114,0.6616176503118443,False,0.7,0.666,0.73,0.098,0.098,0.07320020430946823,0.9691557348856327,0.08730036091891251,0.9640907444778923,0.017958292746717595,0.9939040095759486,0.024334547558543917,0.030000000000000027,0.045714285714285714,0.0,0.045714285714285714,restored_clean_context_like,True
qwen25_7b,Qwen2.5-7B,truthfulqa_mc,factual_state_reconstruction,R5 Factual-state reconstruction,R5,state_reconstruction,True,500,0.09597502619342342,0.10693740521256323,0.08354922534153039,0.7065809558702578,0.663587758265818,0.7687470368810302,0.010962379019139809,-0.012425800851893029,0.023388179871032838,2.133494912937981,False,0.7,0.666,0.768,0.084,0.084,0.07467310717622659,0.96993631091303,0.08730036091891251,0.9640907444778923,0.017958292746717595,0.9939040095759486,0.06216608101077237,0.06800000000000006,0.045714285714285714,0.008571428571428572,0.037142857142857144,restored_clean_context_like,True
qwen25_7b,Qwen2.5-7B,truthfulqa_mc,self_verification_final_label,R6 Self-verification label,R6,verification,True,500,0.09597502619342342,0.10693740521256323,0.1100687313620616,0.7065809558702578,0.663587758265818,0.6574516898342936,0.010962379019139809,0.014093705168638185,-0.0031313261494983757,-0.285642937908936,False,0.7,0.666,0.658,0.112,0.112,0.01726538955055029,0.9926112857400288,0.08730036091891251,0.9640907444778923,0.017958292746717595,0.9939040095759486,-0.049129266035964236,-0.041999999999999926,0.045714285714285714,0.04857142857142857,-0.0028571428571428567,no_material_change,False
qwen25_7b,Qwen2.5-7B,truthfulqa_mc,evidence_for_each_option_then_answer,R6 Evidence comparison label,R6,verification,False,500,0.09597502619342342,0.10693740521256323,0.10836104587217495,0.7065809558702578,0.663587758265818,0.6550099448257508,0.010962379019139809,0.012386019678751525,-0.0014236406596117163,-0.12986603155447418,False,0.7,0.666,0.652,0.11,0.11,0.021409714066080717,0.991363219287205,0.08730036091891251,0.9640907444778923,0.017958292746717595,0.9939040095759486,-0.05157101104450701,-0.04799999999999993,0.045714285714285714,0.04857142857142857,-0.0028571428571428567,no_material_change,False
qwen25_7b,Qwen2.5-7B,truthfulqa_mc,source_skepticism_reset,R2 Source skepticism reset,R2,source_skepticism,False,500,0.09597502619342342,0.10693740521256323,0.10649236007633127,0.7065809558702578,0.663587758265818,0.6641934308653504,0.010962379019139809,0.010517333882907848,0.0004450451362319613,0.040597495804052475,False,0.7,0.666,0.664,0.108,0.108,0.02110205866346797,0.9912822899609485,0.08730036091891251,0.9640907444778923,0.017958292746717595,0.9939040095759486,-0.04238752500490739,-0.03599999999999992,0.045714285714285714,0.045714285714285714,0.0,no_material_change,False
