suite,model_key,model_short_name,dataset,condition,condition_label,accuracy,mean_p_wrong,mean_p_correct,mean_hysteresis_gap,wrong_following_rate,positive_hysteresis_rate,history_contamination_rate_clean_correct,clean_accuracy,clean_p_correct,clean_entropy,clean_max_probability,entropy,max_probability,n_items,hysteresis_gap_ci_low,hysteresis_gap_ci_high,clean_context_like_pass
expanded,gemma2_2b,Gemma2-2B,mmlu_pro,clean,Clean,0.28,0.09895453084327824,0.2660679343026054,0.0,0.104,0.0,0.0,0.28,0.2660679343026054,0.7247680255187127,0.7597612769879902,0.7247680255187127,0.7597612769879902,500,0.0,0.0,True
expanded,gemma2_2b,Gemma2-2B,mmlu_pro,evidence_grounded_recovery,R7 trusted-evidence recovery,0.752,0.21636933843708692,0.7416016207574642,0.11741480759380869,0.208,0.394,0.14285714285714285,0.28,0.2660679343026054,0.7247680255187127,0.7597612769879902,0.0676421284545391,0.9758541954557475,500,0.08220531894539805,0.15231436067562865,False
expanded,gemma2_2b,Gemma2-2B,mmlu_pro,factual_state_reconstruction,R5 factual reconstruction,0.276,0.09008344190071915,0.26772736287140025,-0.008871088942559077,0.09,0.338,0.014285714285714285,0.28,0.2660679343026054,0.7247680255187127,0.7597612769879902,0.6211536328772977,0.8006206778635756,500,-0.01735970441811201,-0.00017962418339206783,True
expanded,gemma2_2b,Gemma2-2B,mmlu_pro,fresh_context_deletion,R3a fresh-context deletion,0.28,0.09895453084327824,0.2660679343026054,0.0,0.104,0.0,0.0,0.28,0.2660679343026054,0.7247680255187127,0.7597612769879902,0.7247680255187127,0.7597612769879902,500,0.0,0.0,True
expanded,gemma2_2b,Gemma2-2B,mmlu_pro,ordinary_strong_reset,R0 ordinary reset,0.066,0.832849320798437,0.06619658862097064,0.7338947899551588,0.836,0.888,0.7785714285714286,0.28,0.2660679343026054,0.7247680255187127,0.7597612769879902,0.03067413073959703,0.9905052644000973,500,0.7007569636298008,0.7695432936312098,False
expanded,gemma2_2b,Gemma2-2B,truthfulqa_mc,clean,Clean,0.552,0.1464059743175674,0.543803535327568,0.0,0.144,0.0,0.0,0.552,0.543803535327568,0.1429537009154264,0.9487154596002263,0.1429537009154264,0.9487154596002263,500,0.0,0.0,True
expanded,gemma2_2b,Gemma2-2B,truthfulqa_mc,evidence_grounded_recovery,R7 trusted-evidence recovery,0.832,0.12656354036716289,0.829053248087198,-0.01984243395040453,0.126,0.414,0.06159420289855073,0.552,0.543803535327568,0.1429537009154264,0.9487154596002263,0.04142619534292615,0.985340203735309,500,-0.05676736785069398,0.01691030235363167,True
expanded,gemma2_2b,Gemma2-2B,truthfulqa_mc,factual_state_reconstruction,R5 factual reconstruction,0.562,0.1445428453751817,0.5582174936752071,-0.0018631289423857163,0.146,0.348,0.018115942028985508,0.552,0.543803535327568,0.1429537009154264,0.9487154596002263,0.1282223439057285,0.956302489033659,500,-0.015319896405935252,0.010956482073062664,True
expanded,gemma2_2b,Gemma2-2B,truthfulqa_mc,fresh_context_deletion,R3a fresh-context deletion,0.552,0.1464059743175674,0.543803535327568,0.0,0.144,0.0,0.0,0.552,0.543803535327568,0.1429537009154264,0.9487154596002263,0.1429537009154264,0.9487154596002263,500,0.0,0.0,True
expanded,gemma2_2b,Gemma2-2B,truthfulqa_mc,ordinary_strong_reset,R0 ordinary reset,0.196,0.6275728132483263,0.1992489709021353,0.4811668389307588,0.632,0.784,0.5615942028985508,0.552,0.543803535327568,0.1429537009154264,0.9487154596002263,0.021226460876722277,0.9939089103565416,500,0.4378064176667025,0.5264159209135477,False
expanded,gemma2_9b,Gemma2-9B,mmlu_pro,clean,Clean,0.43,0.07789688478881827,0.410389294772807,0.0,0.078,0.0,0.0,0.43,0.410389294772807,0.49374082769328986,0.832531775385452,0.49374082769328986,0.832531775385452,500,0.0,0.0,True
expanded,gemma2_9b,Gemma2-9B,mmlu_pro,evidence_grounded_recovery,R7 trusted-evidence recovery,0.934,0.020783855327569725,0.9330344013376536,-0.05711302946124854,0.02,0.11,0.009302325581395349,0.43,0.410389294772807,0.49374082769328986,0.832531775385452,0.019423317051843345,0.9949607381354902,500,-0.07997930173463674,-0.036529208606790445,False
expanded,gemma2_9b,Gemma2-9B,mmlu_pro,factual_state_reconstruction,R5 factual reconstruction,0.398,0.07343923352401617,0.39342704656319144,-0.004457651264802078,0.074,0.606,0.013953488372093023,0.43,0.410389294772807,0.49374082769328986,0.832531775385452,0.45836764957835413,0.8478079941202988,500,-0.013982085097127187,0.005200013501434223,False
expanded,gemma2_9b,Gemma2-9B,mmlu_pro,fresh_context_deletion,R3a fresh-context deletion,0.43,0.07789688478881827,0.410389294772807,0.0,0.078,0.0,0.0,0.43,0.410389294772807,0.49374082769328986,0.832531775385452,0.49374082769328986,0.832531775385452,500,0.0,0.0,True
expanded,gemma2_9b,Gemma2-9B,mmlu_pro,ordinary_strong_reset,R0 ordinary reset,0.314,0.3518608258670983,0.3152608385561002,0.27396394107828004,0.354,0.596,0.25116279069767444,0.43,0.410389294772807,0.49374082769328986,0.832531775385452,0.0669541983344073,0.9805518876655993,500,0.23383620635974364,0.312749653100333,False
expanded,gemma2_9b,Gemma2-9B,truthfulqa_mc,clean,Clean,0.784,0.08682746428422647,0.7753031038405511,0.0,0.086,0.0,0.0,0.784,0.7753031038405511,0.08088502730408194,0.9731562097226137,0.08088502730408194,0.9731562097226137,500,0.0,0.0,True
expanded,gemma2_9b,Gemma2-9B,truthfulqa_mc,evidence_grounded_recovery,R7 trusted-evidence recovery,0.98,0.010546128953748901,0.9820256649410958,-0.07628133533047757,0.012,0.034,0.0,0.784,0.7753031038405511,0.08088502730408194,0.9731562097226137,0.008475894341263265,0.9972066977466536,500,-0.10024016423079893,-0.05295577411615555,False
expanded,gemma2_9b,Gemma2-9B,truthfulqa_mc,factual_state_reconstruction,R5 factual reconstruction,0.802,0.08030027020256165,0.7955372167618378,-0.0065271940816648295,0.08,0.712,0.002551020408163265,0.784,0.7753031038405511,0.08088502730408194,0.9731562097226137,0.08677488549786613,0.97204545209207,500,-0.015918041355982685,0.001650975251946388,True
expanded,gemma2_9b,Gemma2-9B,truthfulqa_mc,fresh_context_deletion,R3a fresh-context deletion,0.784,0.08682746428422647,0.7753031038405511,0.0,0.086,0.0,0.0,0.784,0.7753031038405511,0.08088502730408194,0.9731562097226137,0.08088502730408194,0.9731562097226137,500,0.0,0.0,True
expanded,gemma2_9b,Gemma2-9B,truthfulqa_mc,ordinary_strong_reset,R0 ordinary reset,0.786,0.09606377593085975,0.7852148738137317,0.009236311646633287,0.096,0.178,0.030612244897959183,0.784,0.7753031038405511,0.08088502730408194,0.9731562097226137,0.015076352871099008,0.9953588105011694,500,-0.014215203593521089,0.03415292481157767,True
expanded,llama31_8b,Llama3.1-8B,mmlu_pro,clean,Clean,0.414,0.08512578929966108,0.3537964205975369,0.0,0.09,0.0,0.0,0.414,0.3537964205975369,1.1774046304814474,0.5903584258627645,1.1774046304814474,0.5903584258627645,500,0.0,0.0,True
expanded,llama31_8b,Llama3.1-8B,mmlu_pro,evidence_grounded_recovery,R7 trusted-evidence recovery,0.976,0.011687772940374472,0.9627083679225081,-0.07343801635928661,0.008,0.082,0.0,0.414,0.3537964205975369,1.1774046304814474,0.5903584258627645,0.08155609048702861,0.973643437836259,500,-0.08877553784262202,-0.05930244562539903,False
expanded,llama31_8b,Llama3.1-8B,mmlu_pro,factual_state_reconstruction,R5 factual reconstruction,0.426,0.08447664320588978,0.3605869961005096,-0.0006491460937712954,0.092,0.472,0.0,0.414,0.3537964205975369,1.1774046304814474,0.5903584258627645,1.12438168542313,0.6092660133963363,500,-0.004629160855947884,0.0036344532894953207,True
expanded,llama31_8b,Llama3.1-8B,mmlu_pro,fresh_context_deletion,R3a fresh-context deletion,0.414,0.08512578929966108,0.3537964205975369,0.0,0.09,0.0,0.0,0.414,0.3537964205975369,1.1774046304814474,0.5903584258627645,1.1774046304814474,0.5903584258627645,500,0.0,0.0,True
expanded,llama31_8b,Llama3.1-8B,mmlu_pro,ordinary_strong_reset,R0 ordinary reset,0.324,0.2669675275090834,0.2912802913198216,0.18184173820942232,0.326,0.784,0.2028985507246377,0.414,0.3537964205975369,1.1774046304814474,0.5903584258627645,0.9821973372738676,0.6605850405585011,500,0.15724700128688002,0.20605780646534233,False
expanded,llama31_8b,Llama3.1-8B,truthfulqa_mc,clean,Clean,0.632,0.12594080077918918,0.6124169920734126,0.0,0.128,0.0,0.0,0.632,0.6124169920734126,0.36530053708218974,0.8664331733351004,0.36530053708218974,0.8664331733351004,500,0.0,0.0,True
expanded,llama31_8b,Llama3.1-8B,truthfulqa_mc,evidence_grounded_recovery,R7 trusted-evidence recovery,1.0,0.0001825977590906305,0.99725725681582,-0.12575820302009855,0.0,0.066,0.0,0.632,0.6124169920734126,0.36530053708218974,0.8664331733351004,0.009791370698124649,0.99725725681582,500,-0.1507715793246441,-0.10092661796833916,False
expanded,llama31_8b,Llama3.1-8B,truthfulqa_mc,factual_state_reconstruction,R5 factual reconstruction,0.61,0.12990803223878367,0.5975096961879749,0.003967231459594502,0.128,0.464,0.015822784810126583,0.632,0.6124169920734126,0.36530053708218974,0.8664331733351004,0.33375208749912055,0.8755830422124486,500,-0.004134732647286884,0.011691381889205417,True
expanded,llama31_8b,Llama3.1-8B,truthfulqa_mc,fresh_context_deletion,R3a fresh-context deletion,0.632,0.12594080077918918,0.6124169920734126,0.0,0.128,0.0,0.0,0.632,0.6124169920734126,0.36530053708218974,0.8664331733351004,0.36530053708218974,0.8664331733351004,500,0.0,0.0,True
expanded,llama31_8b,Llama3.1-8B,truthfulqa_mc,ordinary_strong_reset,R0 ordinary reset,0.702,0.06833180806894007,0.6696201746655392,-0.05760899271024912,0.05,0.556,0.0189873417721519,0.632,0.6124169920734126,0.36530053708218974,0.8664331733351004,0.40368516171678853,0.844692406605275,500,-0.07893017299917798,-0.03580945710408811,False
original,mistral7b_v03,Mistral-7B-v0.3,mmlu_pro,clean,Clean,0.326,0.09074530212072882,0.31775293407729854,0.0,0.084,0.0,0.0,0.326,0.31775293407729854,0.40338259323253545,0.8437698901385688,0.40338259323253545,0.8437698901385688,500,0.0,0.0,True
original,mistral7b_v03,Mistral-7B-v0.3,mmlu_pro,evidence_grounded_recovery,R7 trusted-evidence recovery,0.858,0.09410702470333443,0.84496816282125,0.0033617225826056314,0.084,0.694,0.06748466257668712,0.326,0.31775293407729854,0.40338259323253545,0.8437698901385688,0.10454312088923991,0.9605613515096573,500,-0.02761779444294794,0.035596515193674995,True
original,mistral7b_v03,Mistral-7B-v0.3,mmlu_pro,factual_state_reconstruction,R5 factual reconstruction,0.306,0.09145612213243691,0.29945369426935897,0.0007108200117080981,0.09,0.374,0.018404907975460124,0.326,0.31775293407729854,0.40338259323253545,0.8437698901385688,0.3768993444351434,0.8520762106424872,500,-0.009073522873034182,0.010431174555500468,True
original,mistral7b_v03,Mistral-7B-v0.3,mmlu_pro,fresh_context_deletion,R3a fresh-context deletion,0.326,0.09074530212072882,0.31775293407729854,0.0,0.084,0.0,0.0,0.326,0.31775293407729854,0.40338259323253545,0.8437698901385688,0.40338259323253545,0.8437698901385688,500,0.0,0.0,True
original,mistral7b_v03,Mistral-7B-v0.3,mmlu_pro,ordinary_strong_reset,R0 ordinary reset,0.09,0.7499567323059989,0.09084874490613813,0.6592114301852702,0.756,0.936,0.6932515337423313,0.326,0.31775293407729854,0.40338259323253545,0.8437698901385688,0.08053167681475111,0.9709155581073732,500,0.619571273516639,0.7005062439179661,False
original,mistral7b_v03,Mistral-7B-v0.3,truthfulqa_mc,clean,Clean,0.65,0.10493169119788996,0.6497950458048971,0.0,0.102,0.0,0.0,0.65,0.6497950458048971,0.07876597178247637,0.9675391874868995,0.07876597178247637,0.9675391874868995,500,0.0,0.0,True
original,mistral7b_v03,Mistral-7B-v0.3,truthfulqa_mc,evidence_grounded_recovery,R7 trusted-evidence recovery,0.926,0.04355847797377654,0.9206162380743212,-0.06137321322411342,0.04,0.796,0.006153846153846154,0.65,0.6497950458048971,0.07876597178247637,0.9675391874868995,0.0525973888071231,0.9794909612334763,500,-0.08985029271372415,-0.03355859171106772,False
original,mistral7b_v03,Mistral-7B-v0.3,truthfulqa_mc,factual_state_reconstruction,R5 factual reconstruction,0.628,0.1106161967067543,0.6322884909136153,0.005684505508864337,0.116,0.242,0.021538461538461538,0.65,0.6497950458048971,0.07876597178247637,0.9675391874868995,0.07869585293483419,0.9688338514781628,500,-0.004918719623666101,0.016686904619571705,True
original,mistral7b_v03,Mistral-7B-v0.3,truthfulqa_mc,fresh_context_deletion,R3a fresh-context deletion,0.65,0.10493169119788996,0.6497950458048971,0.0,0.102,0.0,0.0,0.65,0.6497950458048971,0.07876597178247637,0.9675391874868995,0.07876597178247637,0.9675391874868995,500,0.0,0.0,True
original,mistral7b_v03,Mistral-7B-v0.3,truthfulqa_mc,ordinary_strong_reset,R0 ordinary reset,0.432,0.3519581999484691,0.43857751096053416,0.2470265087505791,0.368,0.886,0.28,0.65,0.6497950458048971,0.07876597178247637,0.9675391874868995,0.10183698053849995,0.9619382229935118,500,0.20427717029242595,0.28927193677676744,False
original,qwen25_14b,Qwen2.5-14B,mmlu_pro,clean,Clean,0.456,0.08411410963399409,0.4579861958329038,0.0,0.084,0.0,0.0,0.456,0.4579861958329038,0.20759489080808452,0.9175657102947384,0.20759489080808452,0.9175657102947384,500,0.0,0.0,True
original,qwen25_14b,Qwen2.5-14B,mmlu_pro,evidence_grounded_recovery,R7 trusted-evidence recovery,0.98,0.004254953483593754,0.9799067282193611,-0.07985915615040033,0.004,0.044,0.0,0.456,0.4579861958329038,0.20759489080808452,0.9175657102947384,0.007653029552376069,0.996948514744727,500,-0.10290996413185469,-0.05875870656230927,False
original,qwen25_14b,Qwen2.5-14B,mmlu_pro,factual_state_reconstruction,R5 factual reconstruction,0.468,0.08082455151360494,0.45848549545722883,-0.00328955812038914,0.078,0.414,0.0043859649122807015,0.456,0.4579861958329038,0.20759489080808452,0.9175657102947384,0.19500170405202147,0.9218818384480724,500,-0.010859192411652896,0.003707918938043796,True
original,qwen25_14b,Qwen2.5-14B,mmlu_pro,fresh_context_deletion,R3a fresh-context deletion,0.456,0.08411410963399409,0.4579861958329038,0.0,0.084,0.0,0.0,0.456,0.4579861958329038,0.20759489080808452,0.9175657102947384,0.20759489080808452,0.9175657102947384,500,0.0,0.0,True
original,qwen25_14b,Qwen2.5-14B,mmlu_pro,ordinary_strong_reset,R0 ordinary reset,0.36,0.3562200871405451,0.35949037997262107,0.27210597750655097,0.358,0.71,0.2149122807017544,0.456,0.4579861958329038,0.20759489080808452,0.9175657102947384,0.06108477517352711,0.9755509152198182,500,0.23085785370189718,0.31100300316479107,False
original,qwen25_14b,Qwen2.5-14B,truthfulqa_mc,clean,Clean,0.762,0.0760056316692018,0.7638977684016972,0.0,0.078,0.0,0.0,0.762,0.7638977684016972,0.054430648861653295,0.9786185337915968,0.054430648861653295,0.9786185337915968,500,0.0,0.0,True
original,qwen25_14b,Qwen2.5-14B,truthfulqa_mc,evidence_grounded_recovery,R7 trusted-evidence recovery,0.994,0.002034099517517748,0.9936024550338939,-0.07397153215168405,0.002,0.018,0.0,0.762,0.7638977684016972,0.054430648861653295,0.9786185337915968,0.0032296133553337213,0.9988676996887567,500,-0.09716660460230683,-0.05236721872606528,False
original,qwen25_14b,Qwen2.5-14B,truthfulqa_mc,factual_state_reconstruction,R5 factual reconstruction,0.822,0.059502780961915504,0.8178031258638027,-0.0165028507072863,0.058,0.404,0.0,0.762,0.7638977684016972,0.054430648861653295,0.9786185337915968,0.05842720864454186,0.9752653706884041,500,-0.02691435994596191,-0.007553171215111264,True
original,qwen25_14b,Qwen2.5-14B,truthfulqa_mc,fresh_context_deletion,R3a fresh-context deletion,0.762,0.0760056316692018,0.7638977684016972,0.0,0.078,0.0,0.0,0.762,0.7638977684016972,0.054430648861653295,0.9786185337915968,0.054430648861653295,0.9786185337915968,500,0.0,0.0,True
original,qwen25_14b,Qwen2.5-14B,truthfulqa_mc,ordinary_strong_reset,R0 ordinary reset,0.738,0.11270330468859475,0.7371876105987033,0.036697673019392966,0.114,0.344,0.04461942257217848,0.762,0.7638977684016972,0.054430648861653295,0.9786185337915968,0.01469712542616789,0.9943077718682377,500,0.01043641654742192,0.06471658791040306,True
original,qwen25_15b,Qwen2.5-1.5B,mmlu_pro,clean,Clean,0.274,0.09124088678329587,0.27351936797149473,0.0,0.084,0.0,0.0,0.274,0.27351936797149473,0.6463876681116963,0.7677177392674661,0.6463876681116963,0.7677177392674661,500,0.0,0.0,True
original,qwen25_15b,Qwen2.5-1.5B,mmlu_pro,evidence_grounded_recovery,R7 trusted-evidence recovery,0.898,0.05045077655640893,0.8882291604236191,-0.04079011022688695,0.052,0.362,0.051094890510948905,0.274,0.27351936797149473,0.6463876681116963,0.7677177392674661,0.1335495267649395,0.9578323907309692,500,-0.06673384945286731,-0.015315066547040847,True
original,qwen25_15b,Qwen2.5-1.5B,mmlu_pro,factual_state_reconstruction,R5 factual reconstruction,0.266,0.09700003869213057,0.26668038964491103,0.005759151908834691,0.096,0.412,0.0072992700729927005,0.274,0.27351936797149473,0.6463876681116963,0.7677177392674661,0.5700518835104966,0.7919086308366261,500,-0.002189607172852073,0.014317881723712757,True
original,qwen25_15b,Qwen2.5-1.5B,mmlu_pro,fresh_context_deletion,R3a fresh-context deletion,0.274,0.09124088678329587,0.27351936797149473,0.0,0.084,0.0,0.0,0.274,0.27351936797149473,0.6463876681116963,0.7677177392674661,0.6463876681116963,0.7677177392674661,500,0.0,0.0,True
original,qwen25_15b,Qwen2.5-1.5B,mmlu_pro,ordinary_strong_reset,R0 ordinary reset,0.086,0.7255437898838972,0.09121966906346489,0.6343029031006013,0.752,0.924,0.7299270072992701,0.274,0.27351936797149473,0.6463876681116963,0.7677177392674661,0.19013488936780873,0.9431557885617787,500,0.5970233438381245,0.668712199692887,False
original,qwen25_15b,Qwen2.5-1.5B,truthfulqa_mc,clean,Clean,0.492,0.1655446841983342,0.49042218553868866,0.0,0.168,0.0,0.0,0.492,0.49042218553868866,0.21983318528944187,0.9131744433540016,0.21983318528944187,0.9131744433540016,500,0.0,0.0,True
original,qwen25_15b,Qwen2.5-1.5B,truthfulqa_mc,evidence_grounded_recovery,R7 trusted-evidence recovery,0.97,0.028135241606646603,0.9630129423735228,-0.1374094425916876,0.026,0.434,0.012195121951219513,0.492,0.49042218553868866,0.21983318528944187,0.9131744433540016,0.03967246089668832,0.9859738785301545,500,-0.16844655715038023,-0.10732449207284349,False
original,qwen25_15b,Qwen2.5-1.5B,truthfulqa_mc,factual_state_reconstruction,R5 factual reconstruction,0.388,0.18983505220557767,0.3894439229055246,0.024290368007243487,0.184,0.696,0.044715447154471545,0.492,0.49042218553868866,0.21983318528944187,0.9131744433540016,0.21898159918815702,0.9161449173917815,500,0.01059500088357491,0.03893862525297968,False
original,qwen25_15b,Qwen2.5-1.5B,truthfulqa_mc,fresh_context_deletion,R3a fresh-context deletion,0.492,0.1655446841983342,0.49042218553868866,0.0,0.168,0.0,0.0,0.492,0.49042218553868866,0.21983318528944187,0.9131744433540016,0.21983318528944187,0.9131744433540016,500,0.0,0.0,True
original,qwen25_15b,Qwen2.5-1.5B,truthfulqa_mc,ordinary_strong_reset,R0 ordinary reset,0.088,0.665038211760447,0.09048553739922005,0.49949352756211274,0.672,0.91,0.6260162601626016,0.492,0.49042218553868866,0.21983318528944187,0.9131744433540016,0.12468974123629827,0.9570821777077655,500,0.45444442744442104,0.5399977885550304,False
original,qwen25_7b,Qwen2.5-7B,mmlu_pro,clean,Clean,0.424,0.0806055196700934,0.42572695217928047,0.0,0.084,0.0,0.0,0.424,0.42572695217928047,0.302892112149607,0.8813293909865849,0.302892112149607,0.8813293909865849,500,0.0,0.0,True
original,qwen25_7b,Qwen2.5-7B,mmlu_pro,evidence_grounded_recovery,R7 trusted-evidence recovery,0.922,0.022150852137704163,0.9232424920487833,-0.058454667532389246,0.022,0.12,0.0047169811320754715,0.424,0.42572695217928047,0.302892112149607,0.8813293909865849,0.021074002454438495,0.9923793481869925,500,-0.0827946228003714,-0.03469412869642816,False
original,qwen25_7b,Qwen2.5-7B,mmlu_pro,factual_state_reconstruction,R5 factual reconstruction,0.418,0.07601806508548375,0.41507343811112346,-0.004587454584609649,0.084,0.458,0.0,0.424,0.42572695217928047,0.302892112149607,0.8813293909865849,0.2896461380049294,0.8836911151131374,500,-0.011636285566339966,0.0019538545121945278,True
original,qwen25_7b,Qwen2.5-7B,mmlu_pro,fresh_context_deletion,R3a fresh-context deletion,0.424,0.0806055196700934,0.42572695217928047,0.0,0.084,0.0,0.0,0.424,0.42572695217928047,0.302892112149607,0.8813293909865849,0.302892112149607,0.8813293909865849,500,0.0,0.0,True
original,qwen25_7b,Qwen2.5-7B,mmlu_pro,ordinary_strong_reset,R0 ordinary reset,0.306,0.3425486287853029,0.3066716499963202,0.2619431091152095,0.344,0.518,0.24056603773584906,0.424,0.42572695217928047,0.302892112149607,0.8813293909865849,0.0322998079241567,0.9880170780244186,500,0.2226799075906215,0.30151931393266784,False
original,qwen25_7b,Qwen2.5-7B,truthfulqa_mc,clean,Clean,0.7,0.09597502619342342,0.7065809558702578,0.0,0.102,0.0,0.0,0.7,0.7065809558702578,0.08730036091891251,0.9640907444778923,0.08730036091891251,0.9640907444778923,500,0.0,0.0,True
original,qwen25_7b,Qwen2.5-7B,truthfulqa_mc,evidence_grounded_recovery,R7 trusted-evidence recovery,0.988,0.002892729071533074,0.9879685738946445,-0.09308229712189035,0.002,0.062,0.0,0.7,0.7065809558702578,0.08730036091891251,0.9640907444778923,0.009109992484562351,0.9958118395193826,500,-0.11727507442491607,-0.07040764343864593,False
original,qwen25_7b,Qwen2.5-7B,truthfulqa_mc,factual_state_reconstruction,R5 factual reconstruction,0.768,0.08354922534153039,0.7687470368810302,-0.012425800851893045,0.084,0.396,0.008571428571428572,0.7,0.7065809558702578,0.08730036091891251,0.9640907444778923,0.07467310717622659,0.96993631091303,500,-0.025468341361991137,-5.819896643296055e-07,True
original,qwen25_7b,Qwen2.5-7B,truthfulqa_mc,fresh_context_deletion,R3a fresh-context deletion,0.7,0.09597502619342342,0.7065809558702578,0.0,0.102,0.0,0.0,0.7,0.7065809558702578,0.08730036091891251,0.9640907444778923,0.08730036091891251,0.9640907444778923,500,0.0,0.0,True
original,qwen25_7b,Qwen2.5-7B,truthfulqa_mc,ordinary_strong_reset,R0 ordinary reset,0.666,0.10693740521256323,0.663587758265818,0.010962379019139799,0.106,0.382,0.045714285714285714,0.7,0.7065809558702578,0.08730036091891251,0.9640907444778923,0.017958292746717595,0.9939040095759486,500,-0.015513646557275747,0.0378522251596021,False
